x-axis,1,2
second,Volt,Volt
-25.00000E-03,-775.48736E-03,-143.26631E-03
-24.97500E-03,-610.82405E-03,-223.66832E-03
-24.95000E-03,-518.20093E-03,-178.64320E-03
-24.92500E-03,-410.14063E-03,-143.26631E-03
-24.90000E-03,-374.12053E-03,-214.02008E-03
-24.87500E-03,-260.91450E-03,-143.26631E-03
-24.85000E-03,-260.91450E-03,-88.59295E-03
-24.82500E-03,-137.41702E-03,-217.23616E-03
-24.80000E-03,-3.62808E-03,-143.26631E-03
-24.77500E-03,-3.62808E-03,-143.26631E-03
-24.75000E-03,+99.28650E-03,-143.26631E-03
-24.72500E-03,+135.30660E-03,-143.26631E-03
-24.70000E-03,+253.65835E-03,-143.26631E-03
-24.67500E-03,+335.99001E-03,-143.26631E-03
-24.65000E-03,+382.30157E-03,-143.26631E-03
-24.62500E-03,+408.03021E-03,-159.34671E-03
-24.60000E-03,+510.94478E-03,-185.07536E-03
-24.57500E-03,+608.71363E-03,-143.26631E-03
-24.55000E-03,+768.23121E-03,-143.26631E-03
-24.52500E-03,+768.23121E-03,-143.26631E-03
-24.50000E-03,+845.41714E-03,-143.26631E-03
-24.47500E-03,+896.87443E-03,-143.26631E-03
-24.45000E-03,+1.02551764E+00,-143.26631E-03
-24.42500E-03,+1.02551764E+00,-143.26631E-03
-24.40000E-03,+1.11814076E+00,-143.26631E-03
-24.37500E-03,+1.28280407E+00,-223.66832E-03
-24.35000E-03,+1.28280407E+00,-201.15576E-03
-24.32500E-03,+1.35484427E+00,-188.29144E-03
-24.30000E-03,+1.41144729E+00,-156.13063E-03
-24.27500E-03,+1.42688447E+00,-143.26631E-03
-24.25000E-03,+1.59154779E+00,-143.26631E-03
-24.22500E-03,+1.66873372E+00,-143.26631E-03
-24.20000E-03,+1.66873372E+00,-66.08038E-03
-24.17500E-03,+1.79737693E+00,+17.53771E-03
-24.15000E-03,+1.79737693E+00,+17.53771E-03
-24.12500E-03,+1.90029150E+00,+81.85931E-03
-24.10000E-03,+1.93631160E+00,+97.93971E-03
-24.07500E-03,+2.05466336E+00,+155.82916E-03
-24.05000E-03,+2.13699502E+00,+207.28645E-03
-24.02500E-03,+2.18330657E+00,+326.28142E-03
-24.00000E-03,+2.20903522E+00,+355.22614E-03
-23.97500E-03,+2.31194979E+00,+419.54775E-03
-23.95000E-03,+2.31194979E+00,+480.65328E-03
-23.92500E-03,+2.31709552E+00,+503.16584E-03
-23.90000E-03,+2.48175883E+00,+606.08041E-03
-23.87500E-03,+2.56923622E+00,+660.75378E-03
-23.85000E-03,+2.56923622E+00,+660.75378E-03
-23.82500E-03,+2.69787943E+00,+741.15579E-03
-23.80000E-03,+2.69787943E+00,+776.53267E-03
-23.77500E-03,+2.79050255E+00,+879.44724E-03
-23.75000E-03,+2.82652265E+00,+901.95981E-03
-23.72500E-03,+2.82652265E+00,+982.36182E-03
-23.70000E-03,+2.82652265E+00,+1.02738694E+00
-23.67500E-03,+2.93458295E+00,+1.06276383E+00
-23.65000E-03,+2.97060305E+00,+1.14316583E+00
-23.62500E-03,+3.08380908E+00,+1.17532664E+00
-23.60000E-03,+3.17128646E+00,+1.22356784E+00
-23.57500E-03,+3.21245229E+00,+1.30075377E+00
-23.55000E-03,+3.21245229E+00,+1.32326633E+00
-23.52500E-03,+3.21245229E+00,+1.38437186E+00
-23.50000E-03,+3.31536686E+00,+1.44869347E+00
-23.47500E-03,+3.34109551E+00,+1.46477387E+00
-23.45000E-03,+3.38740706E+00,+1.49371859E+00
-23.42500E-03,+3.55207038E+00,+1.54517588E+00
-23.40000E-03,+3.48003018E+00,+1.61914573E+00
-23.37500E-03,+3.59838194E+00,+1.64165829E+00
-23.35000E-03,+3.59838194E+00,+1.70597990E+00
-23.32500E-03,+3.59838194E+00,+1.70597990E+00
-23.30000E-03,+3.72702515E+00,+1.70919598E+00
-23.27500E-03,+3.72702515E+00,+1.81211055E+00
-23.25000E-03,+3.72702515E+00,+1.81854271E+00
-23.22500E-03,+3.72702515E+00,+1.85713568E+00
-23.20000E-03,+3.85566837E+00,+1.94718593E+00
-23.17500E-03,+3.85566837E+00,+1.98256281E+00
-23.15000E-03,+3.85566837E+00,+1.96969849E+00
-23.12500E-03,+3.85566837E+00,+2.02758794E+00
-23.10000E-03,+3.98431158E+00,+2.02758794E+00
-23.07500E-03,+3.98431158E+00,+2.07261306E+00
-23.05000E-03,+3.98431158E+00,+2.10798994E+00
-23.02500E-03,+4.11295480E+00,+2.10798994E+00
-23.00000E-03,+4.11295480E+00,+2.14015075E+00
-22.97500E-03,+4.11295480E+00,+2.18839195E+00
-22.95000E-03,+4.11295480E+00,+2.18839195E+00
-22.92500E-03,+4.21072364E+00,+2.26879396E+00
-22.90000E-03,+4.17984927E+00,+2.26879396E+00
-22.87500E-03,+4.24159801E+00,+2.26879396E+00
-22.85000E-03,+4.24159801E+00,+2.34919597E+00
-22.82500E-03,+4.24159801E+00,+2.34919597E+00
-22.80000E-03,+4.24159801E+00,+2.34919597E+00
-22.77500E-03,+4.24159801E+00,+2.34919597E+00
-22.75000E-03,+4.34451258E+00,+2.36527637E+00
-22.72500E-03,+4.30334675E+00,+2.42959798E+00
-22.70000E-03,+4.37024122E+00,+2.42959798E+00
-22.67500E-03,+4.37024122E+00,+2.50678391E+00
-22.65000E-03,+4.37024122E+00,+2.42959798E+00
-22.62500E-03,+4.37024122E+00,+2.47783919E+00
-22.60000E-03,+4.48344725E+00,+2.50999999E+00
-22.57500E-03,+4.37024122E+00,+2.44246230E+00
-22.55000E-03,+4.42684424E+00,+2.50999999E+00
-22.52500E-03,+4.49888444E+00,+2.50999999E+00
-22.50000E-03,+4.37024122E+00,+2.50999999E+00
-22.47500E-03,+4.49888444E+00,+2.50999999E+00
-22.45000E-03,+4.49888444E+00,+2.50999999E+00
-22.42500E-03,+4.49888444E+00,+2.50999999E+00
-22.40000E-03,+4.49888444E+00,+2.50999999E+00
-22.37500E-03,+4.49888444E+00,+2.50999999E+00
-22.35000E-03,+4.49888444E+00,+2.50999999E+00
-22.32500E-03,+4.49888444E+00,+2.50999999E+00
-22.30000E-03,+4.49888444E+00,+2.50999999E+00
-22.27500E-03,+4.49888444E+00,+2.55180904E+00
-22.25000E-03,+4.39596987E+00,+2.52608039E+00
-22.22500E-03,+4.49888444E+00,+2.50999999E+00
-22.20000E-03,+4.45257288E+00,+2.50999999E+00
-22.17500E-03,+4.37024122E+00,+2.50999999E+00
-22.15000E-03,+4.48859298E+00,+2.50999999E+00
-22.12500E-03,+4.37024122E+00,+2.50999999E+00
-22.10000E-03,+4.37024122E+00,+2.50999999E+00
-22.07500E-03,+4.37024122E+00,+2.50999999E+00
-22.05000E-03,+4.37024122E+00,+2.43281406E+00
-22.02500E-03,+4.37024122E+00,+2.48427135E+00
-22.00000E-03,+4.37024122E+00,+2.42959798E+00
-21.97500E-03,+4.37024122E+00,+2.42959798E+00
-21.95000E-03,+4.34965831E+00,+2.42959798E+00
-21.92500E-03,+4.29820102E+00,+2.39422110E+00
-21.90000E-03,+4.37024122E+00,+2.34919597E+00
-21.87500E-03,+4.24159801E+00,+2.34919597E+00
-21.85000E-03,+4.24159801E+00,+2.34919597E+00
-21.82500E-03,+4.24159801E+00,+2.34919597E+00
-21.80000E-03,+4.24159801E+00,+2.28165828E+00
-21.77500E-03,+4.24159801E+00,+2.26879396E+00
-21.75000E-03,+4.24159801E+00,+2.23663316E+00
-21.72500E-03,+4.24159801E+00,+2.18839195E+00
-21.70000E-03,+4.11810052E+00,+2.18839195E+00
-21.67500E-03,+4.11295480E+00,+2.12728643E+00
-21.65000E-03,+4.11295480E+00,+2.14658291E+00
-21.62500E-03,+4.01004022E+00,+2.10798994E+00
-21.60000E-03,+3.98431158E+00,+2.10155778E+00
-21.57500E-03,+3.98431158E+00,+2.05653266E+00
-21.55000E-03,+3.98431158E+00,+2.00507537E+00
-21.52500E-03,+3.86595982E+00,+1.94718593E+00
-21.50000E-03,+3.85566837E+00,+1.94718593E+00
-21.47500E-03,+3.85566837E+00,+1.94718593E+00
-21.45000E-03,+3.75789952E+00,+1.88608040E+00
-21.42500E-03,+3.72702515E+00,+1.86678392E+00
-21.40000E-03,+3.72702515E+00,+1.84105527E+00
-21.37500E-03,+3.72702515E+00,+1.78638191E+00
-21.35000E-03,+3.72702515E+00,+1.71562814E+00
-21.32500E-03,+3.59838194E+00,+1.70597990E+00
-21.30000E-03,+3.59838194E+00,+1.67060301E+00
-21.27500E-03,+3.50575882E+00,+1.56768844E+00
-21.25000E-03,+3.46973872E+00,+1.54517588E+00
-21.22500E-03,+3.43371862E+00,+1.52266332E+00
-21.20000E-03,+3.34109551E+00,+1.46477387E+00
-21.17500E-03,+3.34109551E+00,+1.46477387E+00
-21.15000E-03,+3.34109551E+00,+1.45512563E+00
-21.12500E-03,+3.28963822E+00,+1.35221106E+00
-21.10000E-03,+3.21245229E+00,+1.30396985E+00
-21.07500E-03,+3.21245229E+00,+1.30396985E+00
-21.05000E-03,+3.05293471E+00,+1.22356784E+00
-21.02500E-03,+3.02206033E+00,+1.18175880E+00
-21.00000E-03,+2.98089451E+00,+1.07884423E+00
-20.97500E-03,+2.95516586E+00,+1.05633166E+00
-20.95000E-03,+2.90885431E+00,+953.41709E-03
-20.92500E-03,+2.82652265E+00,+953.41709E-03
-20.90000E-03,+2.82652265E+00,+908.39197E-03
-20.87500E-03,+2.69787943E+00,+885.87940E-03
-20.85000E-03,+2.69787943E+00,+821.55780E-03
-20.82500E-03,+2.69787943E+00,+760.45227E-03
-20.80000E-03,+2.56409049E+00,+660.75378E-03
-20.77500E-03,+2.44059300E+00,+635.02514E-03
-20.75000E-03,+2.44059300E+00,+580.35177E-03
-20.72500E-03,+2.44059300E+00,+580.35177E-03
-20.70000E-03,+2.31194979E+00,+419.54775E-03
-20.67500E-03,+2.31194979E+00,+419.54775E-03
-20.65000E-03,+2.21932667E+00,+361.65830E-03
-20.62500E-03,+2.18330657E+00,+258.74373E-03
-20.60000E-03,+2.05466336E+00,+258.74373E-03
-20.57500E-03,+1.98262316E+00,+213.71861E-03
-20.55000E-03,+1.92602015E+00,+110.80404E-03
-20.52500E-03,+1.92602015E+00,+88.29147E-03
-20.50000E-03,+1.87456286E+00,-14.62310E-03
-20.47500E-03,+1.70989954E+00,-62.86430E-03
-20.45000E-03,+1.66873372E+00,-62.86430E-03
-20.42500E-03,+1.63785934E+00,-143.26631E-03
-20.40000E-03,+1.47319603E+00,-143.26631E-03
-20.37500E-03,+1.51436186E+00,-143.26631E-03
-20.35000E-03,+1.40115583E+00,-143.26631E-03
-20.32500E-03,+1.23649251E+00,-143.26631E-03
-20.30000E-03,+1.23649251E+00,-143.26631E-03
-20.27500E-03,+1.16445231E+00,-143.26631E-03
-20.25000E-03,+1.12843221E+00,-159.34671E-03
-20.22500E-03,+1.02551764E+00,-185.07536E-03
-20.20000E-03,+927.74880E-03,-143.26631E-03
-20.17500E-03,+896.87443E-03,-143.26631E-03
-20.15000E-03,+855.70860E-03,-143.26631E-03
-20.12500E-03,+768.23121E-03,-191.50752E-03
-20.10000E-03,+768.23121E-03,-152.91455E-03
-20.07500E-03,+619.00508E-03,-143.26631E-03
-20.05000E-03,+510.94478E-03,-143.26631E-03
-20.02500E-03,+510.94478E-03,-143.26631E-03
-20.00000E-03,+382.30157E-03,-143.26631E-03
-19.97500E-03,+253.65835E-03,-201.15576E-03
-19.95000E-03,+181.61815E-03,-143.26631E-03
-19.92500E-03,+16.95484E-03,-143.26631E-03
-19.90000E-03,+109.57795E-03,-152.91455E-03
-19.87500E-03,-55.08536E-03,-191.50752E-03
-19.85000E-03,-132.27129E-03,-143.26631E-03
-19.82500E-03,-132.27129E-03,-220.45224E-03
-19.80000E-03,-260.91450E-03,-204.37184E-03
-19.77500E-03,-327.80898E-03,-143.26631E-03
-19.75000E-03,-389.55772E-03,-207.58792E-03
-19.72500E-03,-518.20093E-03,-143.26631E-03
-19.70000E-03,-518.20093E-03,-143.26631E-03
-19.67500E-03,-682.86425E-03,-143.26631E-03
-19.65000E-03,-775.48736E-03,-143.26631E-03
-19.62500E-03,-801.21601E-03,-143.26631E-03
-19.60000E-03,-965.87932E-03,-181.85928E-03
-19.57500E-03,-1.03277379E+00,-223.66832E-03
-19.55000E-03,-1.03791952E+00,-143.26631E-03
-19.52500E-03,-1.16141701E+00,-143.26631E-03
-19.50000E-03,-1.16141701E+00,-191.50752E-03
-19.47500E-03,-1.27462304E+00,-152.91455E-03
-19.45000E-03,-1.31064314E+00,-143.26631E-03
-19.42500E-03,-1.41870344E+00,-143.26631E-03
-19.40000E-03,-1.51132655E+00,-143.26631E-03
-19.37500E-03,-1.54734665E+00,-223.66832E-03
-19.35000E-03,-1.67598987E+00,-143.26631E-03
-19.32500E-03,-1.74803007E+00,-188.29144E-03
-19.30000E-03,-1.80463308E+00,-156.13063E-03
-19.27500E-03,-1.93327630E+00,-143.26631E-03
-19.25000E-03,-1.93327630E+00,-175.42712E-03
-19.22500E-03,-1.93327630E+00,-168.99496E-03
-19.20000E-03,-2.05677378E+00,-143.26631E-03
-19.17500E-03,-1.96415067E+00,-204.37184E-03
-19.15000E-03,-2.06191951E+00,-143.26631E-03
-19.12500E-03,-2.06191951E+00,-207.58792E-03
-19.10000E-03,-2.06191951E+00,-149.69847E-03
-19.07500E-03,-2.06191951E+00,-194.72360E-03
-19.05000E-03,-2.06191951E+00,-143.26631E-03
-19.02500E-03,-2.06191951E+00,-143.26631E-03
-19.00000E-03,-2.06191951E+00,-143.26631E-03
-18.97500E-03,-2.06191951E+00,-143.26631E-03
-18.95000E-03,-2.06191951E+00,-204.37184E-03
-18.92500E-03,-2.06191951E+00,-143.26631E-03
-18.90000E-03,-2.06191951E+00,-143.26631E-03
-18.87500E-03,-2.06191951E+00,-143.26631E-03
-18.85000E-03,-2.17512554E+00,-214.02008E-03
-18.82500E-03,-2.08250242E+00,-210.80400E-03
-18.80000E-03,-2.19056273E+00,-143.26631E-03
-18.77500E-03,-2.19056273E+00,-201.15576E-03
-18.75000E-03,-2.06191951E+00,-143.26631E-03
-18.72500E-03,-2.09793961E+00,-143.26631E-03
-18.70000E-03,-2.19056273E+00,-143.26631E-03
-18.67500E-03,-2.08250242E+00,-143.26631E-03
-18.65000E-03,-2.07735670E+00,-143.26631E-03
-18.62500E-03,-2.13910544E+00,-143.26631E-03
-18.60000E-03,-2.14939690E+00,-143.26631E-03
-18.57500E-03,-2.19056273E+00,-143.26631E-03
-18.55000E-03,-2.19056273E+00,-143.26631E-03
-18.52500E-03,-2.19056273E+00,-143.26631E-03
-18.50000E-03,-2.08764815E+00,-143.26631E-03
-18.47500E-03,-2.07221097E+00,-149.69847E-03
-18.45000E-03,-2.19056273E+00,-194.72360E-03
-18.42500E-03,-2.10823107E+00,-143.26631E-03
-18.40000E-03,-2.18027127E+00,-143.26631E-03
-18.37500E-03,-2.19056273E+00,-207.58792E-03
-18.35000E-03,-2.12881398E+00,-181.85928E-03
-18.32500E-03,-2.15968835E+00,-162.56279E-03
-18.30000E-03,-2.19056273E+00,-223.66832E-03
-18.27500E-03,-2.14939690E+00,-197.93968E-03
-18.25000E-03,-2.13910544E+00,-143.26631E-03
-18.22500E-03,-2.19056273E+00,-143.26631E-03
-18.20000E-03,-2.19056273E+00,-143.26631E-03
-18.17500E-03,-2.19056273E+00,-143.26631E-03
-18.15000E-03,-2.19056273E+00,-143.26631E-03
-18.12500E-03,-2.19056273E+00,-143.26631E-03
-18.10000E-03,-2.15454262E+00,-143.26631E-03
-18.07500E-03,-2.13395971E+00,-143.26631E-03
-18.05000E-03,-2.19056273E+00,-143.26631E-03
-18.02500E-03,-2.19056273E+00,-143.26631E-03
-18.00000E-03,-2.19056273E+00,-175.42712E-03
-17.97500E-03,-2.19056273E+00,-168.99496E-03
-17.95000E-03,-2.19056273E+00,-220.45224E-03
-17.92500E-03,-2.09279388E+00,-162.56279E-03
-17.90000E-03,-2.19056273E+00,-181.85928E-03
-17.87500E-03,-2.19056273E+00,-143.26631E-03
-17.85000E-03,-2.19056273E+00,-217.23616E-03
-17.82500E-03,-2.19056273E+00,-172.21104E-03
-17.80000E-03,-2.19056273E+00,-172.21104E-03
-17.77500E-03,-2.07221097E+00,-143.26631E-03
-17.75000E-03,-2.19056273E+00,-143.26631E-03
-17.72500E-03,-2.19056273E+00,-143.26631E-03
-17.70000E-03,-2.19056273E+00,-143.26631E-03
-17.67500E-03,-2.19056273E+00,-143.26631E-03
-17.65000E-03,-2.19056273E+00,-143.26631E-03
-17.62500E-03,-2.11337680E+00,-143.26631E-03
-17.60000E-03,-2.06191951E+00,-143.26631E-03
-17.57500E-03,-2.19056273E+00,-143.26631E-03
-17.55000E-03,-2.19056273E+00,-143.26631E-03
-17.52500E-03,-2.19056273E+00,-201.15576E-03
-17.50000E-03,-2.19056273E+00,-62.86430E-03
-17.47500E-03,-2.28318584E+00,-143.26631E-03
-17.45000E-03,-2.19056273E+00,-143.26631E-03
-17.42500E-03,-2.19056273E+00,-143.26631E-03
-17.40000E-03,-2.19056273E+00,-152.91455E-03
-17.37500E-03,-2.19056273E+00,-191.50752E-03
-17.35000E-03,-2.19056273E+00,-143.26631E-03
-17.32500E-03,-2.19056273E+00,-143.26631E-03
-17.30000E-03,-2.19056273E+00,-143.26631E-03
-17.27500E-03,-2.19056273E+00,-143.26631E-03
-17.25000E-03,-2.19056273E+00,-143.26631E-03
-17.22500E-03,-2.19056273E+00,-143.26631E-03
-17.20000E-03,-2.19056273E+00,-143.26631E-03
-17.17500E-03,-2.19056273E+00,-143.26631E-03
-17.15000E-03,-2.19056273E+00,-143.26631E-03
-17.12500E-03,-2.08764815E+00,-207.58792E-03
-17.10000E-03,-2.19056273E+00,-143.26631E-03
-17.07500E-03,-2.19056273E+00,-143.26631E-03
-17.05000E-03,-2.06706524E+00,-143.26631E-03
-17.02500E-03,-2.19056273E+00,-168.99496E-03
-17.00000E-03,-2.19056273E+00,-223.66832E-03
-16.97500E-03,-2.07735670E+00,-223.66832E-03
-16.95000E-03,-2.19056273E+00,-210.80400E-03
-16.92500E-03,-2.19056273E+00,-178.64320E-03
-16.90000E-03,-2.19056273E+00,-165.77888E-03
-16.87500E-03,-2.19056273E+00,-143.26631E-03
-16.85000E-03,-2.19056273E+00,-201.15576E-03
-16.82500E-03,-2.19056273E+00,-143.26631E-03
-16.80000E-03,-2.08250242E+00,-143.26631E-03
-16.77500E-03,-2.19056273E+00,-143.26631E-03
-16.75000E-03,-2.19056273E+00,-143.26631E-03
-16.72500E-03,-2.19056273E+00,-143.26631E-03
-16.70000E-03,-2.19056273E+00,-143.26631E-03
-16.67500E-03,-2.19056273E+00,-162.56279E-03
-16.65000E-03,-2.12366825E+00,-181.85928E-03
-16.62500E-03,-2.16483408E+00,-207.58792E-03
-16.60000E-03,-2.19056273E+00,-143.26631E-03
-16.57500E-03,-2.19056273E+00,-143.26631E-03
-16.55000E-03,-2.19056273E+00,-143.26631E-03
-16.52500E-03,-2.19056273E+00,-217.23616E-03
-16.50000E-03,-2.16483408E+00,-143.26631E-03
-16.47500E-03,-2.12366825E+00,-143.26631E-03
-16.45000E-03,-2.19056273E+00,-143.26631E-03
-16.42500E-03,-2.18541700E+00,-220.45224E-03
-16.40000E-03,-2.10308534E+00,-168.99496E-03
-16.37500E-03,-2.19056273E+00,-175.42712E-03
-16.35000E-03,-2.19056273E+00,-214.02008E-03
-16.32500E-03,-2.06191951E+00,-143.26631E-03
-16.30000E-03,-2.11852252E+00,-143.26631E-03
-16.27500E-03,-2.19056273E+00,-143.26631E-03
-16.25000E-03,-2.06191951E+00,-143.26631E-03
-16.22500E-03,-2.19056273E+00,-143.26631E-03
-16.20000E-03,-2.19056273E+00,-143.26631E-03
-16.17500E-03,-2.19056273E+00,-143.26631E-03
-16.15000E-03,-2.19056273E+00,-143.26631E-03
-16.12500E-03,-2.19056273E+00,-143.26631E-03
-16.10000E-03,-2.19056273E+00,-143.26631E-03
-16.07500E-03,-2.06706524E+00,-143.26631E-03
-16.05000E-03,-2.19056273E+00,-204.37184E-03
-16.02500E-03,-2.19056273E+00,-143.26631E-03
-16.00000E-03,-2.08764815E+00,-143.26631E-03
-15.97500E-03,-2.06191951E+00,-223.66832E-03
-15.95000E-03,-2.06191951E+00,-223.66832E-03
-15.92500E-03,-2.06191951E+00,-172.21104E-03
-15.90000E-03,-2.06191951E+00,-143.26631E-03
-15.87500E-03,-2.16483408E+00,-143.26631E-03
-15.85000E-03,-2.06191951E+00,-143.26631E-03
-15.82500E-03,-2.06191951E+00,-143.26631E-03
-15.80000E-03,-2.06191951E+00,-143.26631E-03
-15.77500E-03,-2.06191951E+00,-143.26631E-03
-15.75000E-03,-2.06191951E+00,-143.26631E-03
-15.72500E-03,-2.06191951E+00,-143.26631E-03
-15.70000E-03,-2.06191951E+00,-143.26631E-03
-15.67500E-03,-2.06191951E+00,-143.26631E-03
-15.65000E-03,-2.06191951E+00,-143.26631E-03
-15.62500E-03,-2.06191951E+00,-223.66832E-03
-15.60000E-03,-2.06191951E+00,-143.26631E-03
-15.57500E-03,-2.06191951E+00,-143.26631E-03
-15.55000E-03,-2.06191951E+00,-210.80400E-03
-15.52500E-03,-2.06191951E+00,-143.26631E-03
-15.50000E-03,-2.06191951E+00,-175.42712E-03
-15.47500E-03,-2.06191951E+00,-168.99496E-03
-15.45000E-03,-2.06191951E+00,-143.26631E-03
-15.42500E-03,-1.93327630E+00,-143.26631E-03
-15.40000E-03,-1.93327630E+00,-143.26631E-03
-15.37500E-03,-1.83036172E+00,-143.26631E-03
-15.35000E-03,-1.80463308E+00,-143.26631E-03
-15.32500E-03,-1.75832152E+00,-172.21104E-03
-15.30000E-03,-1.67598987E+00,-172.21104E-03
-15.27500E-03,-1.55763811E+00,-143.26631E-03
-15.25000E-03,-1.52161801E+00,-159.34671E-03
-15.22500E-03,-1.35695469E+00,-185.07536E-03
-15.20000E-03,-1.29006022E+00,-143.26631E-03
-15.17500E-03,-1.28491449E+00,-143.26631E-03
-15.15000E-03,-1.16141701E+00,-143.26631E-03
-15.12500E-03,-1.08423108E+00,-143.26631E-03
-15.10000E-03,-1.03277379E+00,-143.26631E-03
-15.07500E-03,-904.13058E-03,-143.26631E-03
-15.05000E-03,-847.52756E-03,-143.26631E-03
-15.02500E-03,-775.48736E-03,-143.26631E-03
-15.00000E-03,-646.84415E-03,-223.66832E-03
-14.97500E-03,-610.82405E-03,-143.26631E-03
-14.95000E-03,-518.20093E-03,-143.26631E-03
-14.92500E-03,-518.20093E-03,-143.26631E-03
-14.90000E-03,-389.55772E-03,-152.91455E-03
-14.87500E-03,-338.10043E-03,-191.50752E-03
-14.85000E-03,-260.91450E-03,-143.26631E-03
-14.82500E-03,-260.91450E-03,-220.45224E-03
-14.80000E-03,-3.62808E-03,-143.26631E-03
-14.77500E-03,-3.62808E-03,-143.26631E-03
-14.75000E-03,+99.28650E-03,-207.58792E-03
-14.72500E-03,+253.65835E-03,-143.26631E-03
-14.70000E-03,+253.65835E-03,-143.26631E-03
-14.67500E-03,+253.65835E-03,-143.26631E-03
-14.65000E-03,+372.01011E-03,-217.23616E-03
-14.62500E-03,+510.94478E-03,-143.26631E-03
-14.60000E-03,+572.69353E-03,-143.26631E-03
-14.57500E-03,+639.58800E-03,-143.26631E-03
-14.55000E-03,+768.23121E-03,-220.45224E-03
-14.52500E-03,+768.23121E-03,-143.26631E-03
-14.50000E-03,+845.41714E-03,-143.26631E-03
-14.47500E-03,+896.87443E-03,-143.26631E-03
-14.45000E-03,+917.45734E-03,-156.13063E-03
-14.42500E-03,+1.02551764E+00,-188.29144E-03
-14.40000E-03,+1.11814076E+00,-143.26631E-03
-14.37500E-03,+1.28280407E+00,-143.26631E-03
-14.35000E-03,+1.19018096E+00,-143.26631E-03
-14.32500E-03,+1.35484427E+00,-143.26631E-03
-14.30000E-03,+1.41144729E+00,-143.26631E-03
-14.27500E-03,+1.54009050E+00,-143.26631E-03
-14.25000E-03,+1.59154779E+00,-143.26631E-03
-14.22500E-03,+1.66873372E+00,-143.26631E-03
-14.20000E-03,+1.66873372E+00,-66.08038E-03
-14.17500E-03,+1.82825130E+00,+17.53771E-03
-14.15000E-03,+1.92602015E+00,+17.53771E-03
-14.12500E-03,+1.92602015E+00,+17.53771E-03
-14.10000E-03,+1.93631160E+00,+104.37188E-03
-14.07500E-03,+2.05466336E+00,+178.34172E-03
-14.05000E-03,+2.13699502E+00,+229.79901E-03
-14.02500E-03,+2.06495482E+00,+332.71358E-03
-14.00000E-03,+2.20903522E+00,+355.22614E-03
-13.97500E-03,+2.31194979E+00,+458.14072E-03
-13.95000E-03,+2.31194979E+00,+499.94976E-03
-13.92500E-03,+2.44059300E+00,+506.38192E-03
-13.90000E-03,+2.48175883E+00,+635.02514E-03
-13.87500E-03,+2.56923622E+00,+628.59298E-03
-13.85000E-03,+2.56923622E+00,+731.50755E-03
-13.82500E-03,+2.58981913E+00,+754.02011E-03
-13.80000E-03,+2.69787943E+00,+821.55780E-03
-13.77500E-03,+2.69787943E+00,+879.44724E-03
-13.75000E-03,+2.82652265E+00,+901.95981E-03
-13.72500E-03,+2.82652265E+00,+982.36182E-03
-13.70000E-03,+2.89856285E+00,+1.02738694E+00
-13.67500E-03,+2.95516586E+00,+1.06276383E+00
-13.65000E-03,+2.97060305E+00,+1.14316583E+00
-13.62500E-03,+3.08380908E+00,+1.17532664E+00
-13.60000E-03,+3.08380908E+00,+1.22356784E+00
-13.57500E-03,+3.20730656E+00,+1.30075377E+00
-13.55000E-03,+3.21245229E+00,+1.30396985E+00
-13.52500E-03,+3.27934676E+00,+1.34577890E+00
-13.50000E-03,+3.34109551E+00,+1.38437186E+00
-13.47500E-03,+3.34109551E+00,+1.46477387E+00
-13.45000E-03,+3.34109551E+00,+1.49371859E+00
-13.42500E-03,+3.42342716E+00,+1.54517588E+00
-13.40000E-03,+3.46973872E+00,+1.61914573E+00
-13.37500E-03,+3.49546736E+00,+1.56125628E+00
-13.35000E-03,+3.59838194E+00,+1.66417085E+00
-13.32500E-03,+3.59838194E+00,+1.70597990E+00
-13.30000E-03,+3.60352767E+00,+1.70919598E+00
-13.27500E-03,+3.72702515E+00,+1.78638191E+00
-13.25000E-03,+3.72702515E+00,+1.83462311E+00
-13.22500E-03,+3.84023118E+00,+1.86678392E+00
-13.20000E-03,+3.74760807E+00,+1.86678392E+00
-13.17500E-03,+3.85566837E+00,+1.90216080E+00
-13.15000E-03,+3.85566837E+00,+1.94718593E+00
-13.12500E-03,+3.85566837E+00,+2.02758794E+00
-13.10000E-03,+3.98431158E+00,+2.02758794E+00
-13.07500E-03,+3.98431158E+00,+2.07261306E+00
-13.05000E-03,+3.98431158E+00,+2.10798994E+00
-13.02500E-03,+3.99974877E+00,+2.17874371E+00
-13.00000E-03,+4.11295480E+00,+2.14015075E+00
-12.97500E-03,+4.11295480E+00,+2.24306532E+00
-12.95000E-03,+4.11295480E+00,+2.19160803E+00
-12.92500E-03,+4.11295480E+00,+2.24949748E+00
-12.90000E-03,+4.17984927E+00,+2.23020100E+00
-12.87500E-03,+4.24159801E+00,+2.26879396E+00
-12.85000E-03,+4.24159801E+00,+2.34919597E+00
-12.82500E-03,+4.24159801E+00,+2.34919597E+00
-12.80000E-03,+4.24159801E+00,+2.34919597E+00
-12.77500E-03,+4.35994977E+00,+2.34919597E+00
-12.75000E-03,+4.34451258E+00,+2.34919597E+00
-12.72500E-03,+4.30334675E+00,+2.38778894E+00
-12.70000E-03,+4.37024122E+00,+2.42959798E+00
-12.67500E-03,+4.37024122E+00,+2.50678391E+00
-12.65000E-03,+4.37024122E+00,+2.42959798E+00
-12.62500E-03,+4.37024122E+00,+2.42959798E+00
-12.60000E-03,+4.37024122E+00,+2.50035175E+00
-12.57500E-03,+4.39082414E+00,+2.49713567E+00
-12.55000E-03,+4.49888444E+00,+2.46497487E+00
-12.52500E-03,+4.40626132E+00,+2.50999999E+00
-12.50000E-03,+4.49888444E+00,+2.50999999E+00
-12.47500E-03,+4.49888444E+00,+2.50999999E+00
-12.45000E-03,+4.49888444E+00,+2.50999999E+00
-12.42500E-03,+4.49888444E+00,+2.50999999E+00
-12.40000E-03,+4.38567841E+00,+2.50999999E+00
-12.37500E-03,+4.49888444E+00,+2.54216079E+00
-12.35000E-03,+4.49888444E+00,+2.59040200E+00
-12.32500E-03,+4.49888444E+00,+2.51321607E+00
-12.30000E-03,+4.49888444E+00,+2.50999999E+00
-12.27500E-03,+4.49888444E+00,+2.50999999E+00
-12.25000E-03,+4.49888444E+00,+2.50999999E+00
-12.22500E-03,+4.49888444E+00,+2.50999999E+00
-12.20000E-03,+4.45257288E+00,+2.50999999E+00
-12.17500E-03,+4.37024122E+00,+2.50999999E+00
-12.15000E-03,+4.48859298E+00,+2.50999999E+00
-12.12500E-03,+4.47315580E+00,+2.50999999E+00
-12.10000E-03,+4.37024122E+00,+2.47140703E+00
-12.07500E-03,+4.37024122E+00,+2.49070351E+00
-12.05000E-03,+4.37024122E+00,+2.43281406E+00
-12.02500E-03,+4.37024122E+00,+2.48427135E+00
-12.00000E-03,+4.37024122E+00,+2.42959798E+00
-11.97500E-03,+4.37024122E+00,+2.42959798E+00
-11.95000E-03,+4.34965831E+00,+2.42959798E+00
-11.92500E-03,+4.29820102E+00,+2.39422110E+00
-11.90000E-03,+4.27761811E+00,+2.34919597E+00
-11.87500E-03,+4.37024122E+00,+2.42959798E+00
-11.85000E-03,+4.33422112E+00,+2.34919597E+00
-11.82500E-03,+4.24159801E+00,+2.30417085E+00
-11.80000E-03,+4.24159801E+00,+2.26879396E+00
-11.77500E-03,+4.24159801E+00,+2.26879396E+00
-11.75000E-03,+4.24159801E+00,+2.26879396E+00
-11.72500E-03,+4.15412062E+00,+2.26879396E+00
-11.70000E-03,+4.11295480E+00,+2.19160803E+00
-11.67500E-03,+4.11295480E+00,+2.18839195E+00
-11.65000E-03,+4.11295480E+00,+2.14658291E+00
-11.62500E-03,+4.11295480E+00,+2.10798994E+00
-11.60000E-03,+3.98431158E+00,+2.10155778E+00
-11.57500E-03,+3.98431158E+00,+2.02758794E+00
-11.55000E-03,+3.98431158E+00,+2.02758794E+00
-11.52500E-03,+3.86595982E+00,+1.95361809E+00
-11.50000E-03,+3.85566837E+00,+1.94718593E+00
-11.47500E-03,+3.85566837E+00,+1.94718593E+00
-11.45000E-03,+3.75789952E+00,+1.88608040E+00
-11.42500E-03,+3.73217088E+00,+1.86678392E+00
-11.40000E-03,+3.81450254E+00,+1.86678392E+00
-11.37500E-03,+3.72702515E+00,+1.81854271E+00
-11.35000E-03,+3.61381912E+00,+1.78638191E+00
-11.32500E-03,+3.59838194E+00,+1.70597990E+00
-11.30000E-03,+3.54177892E+00,+1.67060301E+00
-11.27500E-03,+3.46973872E+00,+1.62557789E+00
-11.25000E-03,+3.46973872E+00,+1.62557789E+00
-11.22500E-03,+3.46973872E+00,+1.54517588E+00
-11.20000E-03,+3.39769852E+00,+1.50015076E+00
-11.17500E-03,+3.34109551E+00,+1.39723618E+00
-11.15000E-03,+3.34109551E+00,+1.45512563E+00
-11.12500E-03,+3.28963822E+00,+1.35221106E+00
-11.10000E-03,+3.21245229E+00,+1.30396985E+00
-11.07500E-03,+3.21245229E+00,+1.30396985E+00
-11.05000E-03,+3.05293471E+00,+1.20427136E+00
-11.02500E-03,+3.02206033E+00,+1.14316583E+00
-11.00000E-03,+2.98089451E+00,+1.07884423E+00
-10.97500E-03,+2.94487441E+00,+1.05633166E+00
-10.95000E-03,+2.82652265E+00,+982.36182E-03
-10.92500E-03,+2.82652265E+00,+930.90453E-03
-10.90000E-03,+2.70817089E+00,+901.95981E-03
-10.87500E-03,+2.69787943E+00,+821.55780E-03
-10.85000E-03,+2.69787943E+00,+782.96483E-03
-10.82500E-03,+2.60011059E+00,+741.15579E-03
-10.80000E-03,+2.56409049E+00,+737.93971E-03
-10.77500E-03,+2.44059300E+00,+635.02514E-03
-10.75000E-03,+2.44059300E+00,+580.35177E-03
-10.72500E-03,+2.32738698E+00,+580.35177E-03
-10.70000E-03,+2.31194979E+00,+487.08544E-03
-10.67500E-03,+2.31194979E+00,+419.54775E-03
-10.65000E-03,+2.21932667E+00,+361.65830E-03
-10.62500E-03,+2.18330657E+00,+339.14574E-03
-10.60000E-03,+2.05466336E+00,+236.23117E-03
-10.57500E-03,+2.05466336E+00,+178.34172E-03
-10.55000E-03,+1.94660306E+00,+110.80404E-03
-10.52500E-03,+1.91058296E+00,+88.29147E-03
-10.50000E-03,+1.79737693E+00,+17.53771E-03
-10.47500E-03,+1.79737693E+00,-37.13566E-03
-10.45000E-03,+1.67387944E+00,-140.05023E-03
-10.42500E-03,+1.63785934E+00,-143.26631E-03
-10.40000E-03,+1.54009050E+00,-143.26631E-03
-10.37500E-03,+1.54009050E+00,-143.26631E-03
-10.35000E-03,+1.51950759E+00,-143.26631E-03
-10.32500E-03,+1.28280407E+00,-143.26631E-03
-10.30000E-03,+1.28280407E+00,-194.72360E-03
-10.27500E-03,+1.16445231E+00,-149.69847E-03
-10.25000E-03,+1.12843221E+00,-159.34671E-03
-10.22500E-03,+1.02551764E+00,-223.66832E-03
-10.20000E-03,+927.74880E-03,-162.56279E-03
-10.17500E-03,+891.72870E-03,-66.08038E-03
-10.15000E-03,+768.23121E-03,-143.26631E-03
-10.12500E-03,+768.23121E-03,-143.26631E-03
-10.10000E-03,+655.02518E-03,-143.26631E-03
-10.07500E-03,+619.00508E-03,-143.26631E-03
-10.05000E-03,+454.34177E-03,-143.26631E-03
-10.02500E-03,+474.92468E-03,-143.26631E-03
-10.00000E-03,+382.30157E-03,-223.66832E-03
-9.97500E-03,+346.28147E-03,-201.15576E-03
-9.95000E-03,+181.61815E-03,-143.26631E-03
-9.92500E-03,+125.01514E-03,-210.80400E-03
-9.90000E-03,-3.62808E-03,-143.26631E-03
-9.87500E-03,-3.62808E-03,-175.42712E-03
-9.85000E-03,-91.10546E-03,-223.66832E-03
-9.82500E-03,-255.76878E-03,-146.48239E-03
-9.80000E-03,-260.91450E-03,-143.26631E-03
-9.77500E-03,-327.80898E-03,-143.26631E-03
-9.75000E-03,-389.55772E-03,-143.26631E-03
-9.72500E-03,-518.20093E-03,-143.26631E-03
-9.70000E-03,-564.51249E-03,-172.21104E-03
-9.67500E-03,-646.84415E-03,-172.21104E-03
-9.65000E-03,-765.19591E-03,-217.23616E-03
-9.62500E-03,-801.21601E-03,-143.26631E-03
-9.60000E-03,-904.13058E-03,-143.26631E-03
-9.57500E-03,-904.13058E-03,-143.26631E-03
-9.55000E-03,-1.03791952E+00,-143.26631E-03
-9.52500E-03,-1.16141701E+00,-143.26631E-03
-9.50000E-03,-1.16141701E+00,-143.26631E-03
-9.47500E-03,-1.27462304E+00,-143.26631E-03
-9.45000E-03,-1.31064314E+00,-223.66832E-03
-9.42500E-03,-1.47530645E+00,-188.29144E-03
-9.40000E-03,-1.54734665E+00,-143.26631E-03
-9.37500E-03,-1.54734665E+00,-143.26631E-03
-9.35000E-03,-1.67598987E+00,-143.26631E-03
-9.32500E-03,-1.74803007E+00,-143.26631E-03
-9.30000E-03,-1.80463308E+00,-210.80400E-03
-9.27500E-03,-1.93327630E+00,-152.91455E-03
-9.25000E-03,-1.93327630E+00,-223.66832E-03
-9.22500E-03,-1.93327630E+00,-168.99496E-03
-9.20000E-03,-1.93327630E+00,-143.26631E-03
-9.17500E-03,-2.06191951E+00,-204.37184E-03
-9.15000E-03,-2.06191951E+00,-143.26631E-03
-9.12500E-03,-2.06191951E+00,-143.26631E-03
-9.10000E-03,-2.06191951E+00,-223.66832E-03
-9.07500E-03,-2.06191951E+00,-223.66832E-03
-9.05000E-03,-2.06191951E+00,-172.21104E-03
-9.02500E-03,-2.06191951E+00,-217.23616E-03
-9.00000E-03,-2.06191951E+00,-159.34671E-03
-8.97500E-03,-2.06191951E+00,-185.07536E-03
-8.95000E-03,-2.06191951E+00,-143.26631E-03
-8.92500E-03,-2.06191951E+00,-143.26631E-03
-8.90000E-03,-2.06191951E+00,-168.99496E-03
-8.87500E-03,-2.06191951E+00,-175.42712E-03
-8.85000E-03,-2.06191951E+00,-143.26631E-03
-8.82500E-03,-2.06191951E+00,-143.26631E-03
-8.80000E-03,-2.11852252E+00,-143.26631E-03
-8.77500E-03,-2.19056273E+00,-143.26631E-03
-8.75000E-03,-2.19056273E+00,-223.66832E-03
-8.72500E-03,-2.09793961E+00,-143.26631E-03
-8.70000E-03,-2.19056273E+00,-143.26631E-03
-8.67500E-03,-2.08250242E+00,-143.26631E-03
-8.65000E-03,-2.07735670E+00,-214.02008E-03
-8.62500E-03,-2.13910544E+00,-143.26631E-03
-8.60000E-03,-2.06191951E+00,-143.26631E-03
-8.57500E-03,-2.06191951E+00,-143.26631E-03
-8.55000E-03,-2.06191951E+00,-143.26631E-03
-8.52500E-03,-2.12881398E+00,-185.07536E-03
-8.50000E-03,-2.08764815E+00,-159.34671E-03
-8.47500E-03,-2.07221097E+00,-143.26631E-03
-8.45000E-03,-2.14425117E+00,-143.26631E-03
-8.42500E-03,-2.06191951E+00,-143.26631E-03
-8.40000E-03,-2.18027127E+00,-143.26631E-03
-8.37500E-03,-2.16483408E+00,-207.58792E-03
-8.35000E-03,-2.06191951E+00,-143.26631E-03
-8.32500E-03,-2.15968835E+00,-143.26631E-03
-8.30000E-03,-2.19056273E+00,-143.26631E-03
-8.27500E-03,-2.14939690E+00,-143.26631E-03
-8.25000E-03,-2.13910544E+00,-143.26631E-03
-8.22500E-03,-2.19056273E+00,-143.26631E-03
-8.20000E-03,-2.19056273E+00,-143.26631E-03
-8.17500E-03,-2.13395971E+00,-143.26631E-03
-8.15000E-03,-2.15454262E+00,-143.26631E-03
-8.12500E-03,-2.19056273E+00,-143.26631E-03
-8.10000E-03,-2.06191951E+00,-143.26631E-03
-8.07500E-03,-2.13395971E+00,-188.29144E-03
-8.05000E-03,-2.19056273E+00,-223.66832E-03
-8.02500E-03,-2.19056273E+00,-143.26631E-03
-8.00000E-03,-2.19056273E+00,-143.26631E-03
-7.97500E-03,-2.19056273E+00,-143.26631E-03
-7.95000E-03,-2.19056273E+00,-143.26631E-03
-7.92500E-03,-2.19056273E+00,-143.26631E-03
-7.90000E-03,-2.19056273E+00,-143.26631E-03
-7.87500E-03,-2.19056273E+00,-143.26631E-03
-7.85000E-03,-2.19056273E+00,-217.23616E-03
-7.82500E-03,-2.19056273E+00,-143.26631E-03
-7.80000E-03,-2.19056273E+00,-143.26631E-03
-7.77500E-03,-2.07221097E+00,-143.26631E-03
-7.75000E-03,-2.19056273E+00,-143.26631E-03
-7.72500E-03,-2.19056273E+00,-143.26631E-03
-7.70000E-03,-2.09279388E+00,-143.26631E-03
-7.67500E-03,-2.19056273E+00,-220.45224E-03
-7.65000E-03,-2.19056273E+00,-143.26631E-03
-7.62500E-03,-2.19056273E+00,-143.26631E-03
-7.60000E-03,-2.19056273E+00,-143.26631E-03
-7.57500E-03,-2.19056273E+00,-143.26631E-03
-7.55000E-03,-2.19056273E+00,-143.26631E-03
-7.52500E-03,-2.19056273E+00,-143.26631E-03
-7.50000E-03,-2.19056273E+00,-143.26631E-03
-7.47500E-03,-2.19056273E+00,-143.26631E-03
-7.45000E-03,-2.11852252E+00,-143.26631E-03
-7.42500E-03,-2.16997981E+00,-143.26631E-03
-7.40000E-03,-2.17512554E+00,-143.26631E-03
-7.37500E-03,-2.11337680E+00,-143.26631E-03
-7.35000E-03,-2.19056273E+00,-143.26631E-03
-7.32500E-03,-2.19056273E+00,-143.26631E-03
-7.30000E-03,-2.19056273E+00,-143.26631E-03
-7.27500E-03,-2.12366825E+00,-143.26631E-03
-7.25000E-03,-2.16483408E+00,-143.26631E-03
-7.22500E-03,-2.18027127E+00,-143.26631E-03
-7.20000E-03,-2.10823107E+00,-143.26631E-03
-7.17500E-03,-2.19056273E+00,-143.26631E-03
-7.15000E-03,-2.19056273E+00,-143.26631E-03
-7.12500E-03,-2.16483408E+00,-143.26631E-03
-7.10000E-03,-2.12366825E+00,-181.85928E-03
-7.07500E-03,-2.19056273E+00,-162.56279E-03
-7.05000E-03,-2.18541700E+00,-143.26631E-03
-7.02500E-03,-2.10308534E+00,-143.26631E-03
-7.00000E-03,-2.19056273E+00,-143.26631E-03
-6.97500E-03,-2.07735670E+00,-143.26631E-03
-6.95000E-03,-2.06191951E+00,-223.66832E-03
-6.92500E-03,-2.11852252E+00,-188.29144E-03
-6.90000E-03,-2.09793961E+00,-143.26631E-03
-6.87500E-03,-2.19056273E+00,-143.26631E-03
-6.85000E-03,-2.19056273E+00,-143.26631E-03
-6.82500E-03,-2.19056273E+00,-143.26631E-03
-6.80000E-03,-2.08250242E+00,-143.26631E-03
-6.77500E-03,-2.19056273E+00,-143.26631E-03
-6.75000E-03,-2.19056273E+00,-175.42712E-03
-6.72500E-03,-2.10308534E+00,-168.99496E-03
-6.70000E-03,-2.18541700E+00,-143.26631E-03
-6.67500E-03,-2.15968835E+00,-143.26631E-03
-6.65000E-03,-2.06191951E+00,-185.07536E-03
-6.62500E-03,-2.06191951E+00,-159.34671E-03
-6.60000E-03,-2.19056273E+00,-143.26631E-03
-6.57500E-03,-2.14425117E+00,-143.26631E-03
-6.55000E-03,-2.14425117E+00,-143.26631E-03
-6.52500E-03,-2.19056273E+00,-143.26631E-03
-6.50000E-03,-2.16483408E+00,-143.26631E-03
-6.47500E-03,-2.12366825E+00,-143.26631E-03
-6.45000E-03,-2.19056273E+00,-204.37184E-03
-6.42500E-03,-2.19056273E+00,-223.66832E-03
-6.40000E-03,-2.14939690E+00,-197.93968E-03
-6.37500E-03,-2.13910544E+00,-191.50752E-03
-6.35000E-03,-2.19056273E+00,-152.91455E-03
-6.32500E-03,-2.08250242E+00,-143.26631E-03
-6.30000E-03,-2.19056273E+00,-143.26631E-03
-6.27500E-03,-2.19056273E+00,-143.26631E-03
-6.25000E-03,-2.19056273E+00,-143.26631E-03
-6.22500E-03,-2.09793961E+00,-143.26631E-03
-6.20000E-03,-2.19056273E+00,-143.26631E-03
-6.17500E-03,-2.19056273E+00,-143.26631E-03
-6.15000E-03,-2.07735670E+00,-143.26631E-03
-6.12500E-03,-2.19056273E+00,-143.26631E-03
-6.10000E-03,-2.19056273E+00,-143.26631E-03
-6.07500E-03,-2.19056273E+00,-220.45224E-03
-6.05000E-03,-2.19056273E+00,-162.56279E-03
-6.02500E-03,-2.12366825E+00,-223.66832E-03
-6.00000E-03,-2.06191951E+00,-95.02511E-03
-5.97500E-03,-2.18027127E+00,-143.26631E-03
-5.95000E-03,-2.10823107E+00,-143.26631E-03
-5.92500E-03,-2.10823107E+00,-143.26631E-03
-5.90000E-03,-2.06191951E+00,-143.26631E-03
-5.87500E-03,-2.16483408E+00,-143.26631E-03
-5.85000E-03,-2.06191951E+00,-143.26631E-03
-5.82500E-03,-2.06191951E+00,-143.26631E-03
-5.80000E-03,-2.18541700E+00,-220.45224E-03
-5.77500E-03,-2.06191951E+00,-143.26631E-03
-5.75000E-03,-2.06191951E+00,-143.26631E-03
-5.72500E-03,-2.17512554E+00,-214.02008E-03
-5.70000E-03,-2.06191951E+00,-143.26631E-03
-5.67500E-03,-2.06191951E+00,-178.64320E-03
-5.65000E-03,-2.06191951E+00,-165.77888E-03
-5.62500E-03,-2.06191951E+00,-223.66832E-03
-5.60000E-03,-2.06191951E+00,-165.77888E-03
-5.57500E-03,-2.06191951E+00,-178.64320E-03
-5.55000E-03,-2.06191951E+00,-143.26631E-03
-5.52500E-03,-2.06191951E+00,-143.26631E-03
-5.50000E-03,-2.06191951E+00,-175.42712E-03
-5.47500E-03,-2.06191951E+00,-168.99496E-03
-5.45000E-03,-2.06191951E+00,-220.45224E-03
-5.42500E-03,-1.93327630E+00,-162.56279E-03
-5.40000E-03,-1.93327630E+00,-181.85928E-03
-5.37500E-03,-1.83036172E+00,-143.26631E-03
-5.35000E-03,-1.79434162E+00,-143.26631E-03
-5.32500E-03,-1.67598987E+00,-143.26631E-03
-5.30000E-03,-1.59365821E+00,-143.26631E-03
-5.27500E-03,-1.54734665E+00,-143.26631E-03
-5.25000E-03,-1.41870344E+00,-159.34671E-03
-5.22500E-03,-1.41870344E+00,-223.66832E-03
-5.20000E-03,-1.32093459E+00,-162.56279E-03
-5.17500E-03,-1.16141701E+00,-223.66832E-03
-5.15000E-03,-1.16141701E+00,-197.93968E-03
-5.12500E-03,-1.08423108E+00,-143.26631E-03
-5.10000E-03,-1.03277379E+00,-143.26631E-03
-5.07500E-03,-1.01219088E+00,-143.26631E-03
-5.05000E-03,-847.52756E-03,-178.64320E-03
-5.02500E-03,-775.48736E-03,-165.77888E-03
-5.00000E-03,-775.48736E-03,-143.26631E-03
-4.97500E-03,-610.82405E-03,-165.77888E-03
-4.95000E-03,-446.16073E-03,-178.64320E-03
-4.92500E-03,-497.61802E-03,-143.26631E-03
-4.90000E-03,-389.55772E-03,-152.91455E-03
-4.87500E-03,-338.10043E-03,-191.50752E-03
-4.85000E-03,-260.91450E-03,-143.26631E-03
-4.82500E-03,-137.41702E-03,-143.26631E-03
-4.80000E-03,-3.62808E-03,-204.37184E-03
-4.77500E-03,-3.62808E-03,-143.26631E-03
-4.75000E-03,+99.28650E-03,-143.26631E-03
-4.72500E-03,+135.30660E-03,-143.26631E-03
-4.70000E-03,+299.96991E-03,-143.26631E-03
-4.67500E-03,+382.30157E-03,-143.26631E-03
-4.65000E-03,+382.30157E-03,-143.26631E-03
-4.62500E-03,+510.94478E-03,-143.26631E-03
-4.60000E-03,+510.94478E-03,-143.26631E-03
-4.57500E-03,+608.71363E-03,-143.26631E-03
-4.55000E-03,+639.58800E-03,-146.48239E-03
-4.52500E-03,+680.75383E-03,-197.93968E-03
-4.50000E-03,+768.23121E-03,-143.26631E-03
-4.47500E-03,+881.43724E-03,-214.02008E-03
-4.45000E-03,+1.02551764E+00,-143.26631E-03
-4.42500E-03,+1.08212066E+00,-178.64320E-03
-4.40000E-03,+1.15416086E+00,-165.77888E-03
-4.37500E-03,+1.15416086E+00,-143.26631E-03
-4.35000E-03,+1.28280407E+00,-165.77888E-03
-4.32500E-03,+1.35484427E+00,-178.64320E-03
-4.30000E-03,+1.41144729E+00,-143.26631E-03
-4.27500E-03,+1.54009050E+00,-143.26631E-03
-4.25000E-03,+1.59154779E+00,-143.26631E-03
-4.22500E-03,+1.66873372E+00,-143.26631E-03
-4.20000E-03,+1.66873372E+00,-66.08038E-03
-4.17500E-03,+1.79737693E+00,-43.56782E-03
-4.15000E-03,+1.86427140E+00,+59.34675E-03
-4.12500E-03,+1.92602015E+00,+97.93971E-03
-4.10000E-03,+1.93631160E+00,+104.37188E-03
-4.07500E-03,+2.05466336E+00,+178.34172E-03
-4.05000E-03,+2.05466336E+00,+229.79901E-03
-4.02500E-03,+2.17301512E+00,+332.71358E-03
-4.00000E-03,+2.20903522E+00,+355.22614E-03
-3.97500E-03,+2.31194979E+00,+419.54775E-03
-3.95000E-03,+2.31194979E+00,+480.65328E-03
-3.92500E-03,+2.44059300E+00,+580.35177E-03
-3.90000E-03,+2.48175883E+00,+606.08041E-03
-3.87500E-03,+2.49205029E+00,+660.75378E-03
-3.85000E-03,+2.55379903E+00,+660.75378E-03
-3.82500E-03,+2.58981913E+00,+754.02011E-03
-3.80000E-03,+2.69787943E+00,+856.93468E-03
-3.77500E-03,+2.79050255E+00,+901.95981E-03
-3.75000E-03,+2.82652265E+00,+901.95981E-03
-3.72500E-03,+2.82652265E+00,+982.36182E-03
-3.70000E-03,+2.89856285E+00,+1.02738694E+00
-3.67500E-03,+2.95516586E+00,+1.06276383E+00
-3.65000E-03,+2.97060305E+00,+1.15281408E+00
-3.62500E-03,+3.08380908E+00,+1.19140704E+00
-3.60000E-03,+3.17128646E+00,+1.19783920E+00
-3.57500E-03,+3.21245229E+00,+1.30075377E+00
-3.55000E-03,+3.24332666E+00,+1.32326633E+00
-3.52500E-03,+3.27420104E+00,+1.38437186E+00
-3.50000E-03,+3.31536686E+00,+1.44869347E+00
-3.47500E-03,+3.45944726E+00,+1.46477387E+00
-3.45000E-03,+3.34109551E+00,+1.49371859E+00
-3.42500E-03,+3.42342716E+00,+1.54517588E+00
-3.40000E-03,+3.46973872E+00,+1.61914573E+00
-3.37500E-03,+3.49546736E+00,+1.64165829E+00
-3.35000E-03,+3.59838194E+00,+1.70597990E+00
-3.32500E-03,+3.59838194E+00,+1.70597990E+00
-3.30000E-03,+3.59838194E+00,+1.78638191E+00
-3.27500E-03,+3.63954777E+00,+1.78638191E+00
-3.25000E-03,+3.72702515E+00,+1.83462311E+00
-3.22500E-03,+3.72702515E+00,+1.86678392E+00
-3.20000E-03,+3.85566837E+00,+1.87964824E+00
-3.17500E-03,+3.85566837E+00,+1.94718593E+00
-3.15000E-03,+3.85566837E+00,+1.94718593E+00
-3.12500E-03,+3.98431158E+00,+2.02758794E+00
-3.10000E-03,+3.98431158E+00,+2.02758794E+00
-3.07500E-03,+3.98431158E+00,+2.07261306E+00
-3.05000E-03,+3.98431158E+00,+2.10798994E+00
-3.02500E-03,+3.99974877E+00,+2.11763819E+00
-3.00000E-03,+4.06149751E+00,+2.18839195E+00
-2.97500E-03,+4.07178897E+00,+2.18839195E+00
-2.95000E-03,+4.11295480E+00,+2.18839195E+00
-2.92500E-03,+4.14382917E+00,+2.26879396E+00
-2.90000E-03,+4.24159801E+00,+2.26879396E+00
-2.87500E-03,+4.24159801E+00,+2.26879396E+00
-2.85000E-03,+4.24159801E+00,+2.26879396E+00
-2.82500E-03,+4.24159801E+00,+2.29773869E+00
-2.80000E-03,+4.24159801E+00,+2.34919597E+00
-2.77500E-03,+4.35994977E+00,+2.42316582E+00
-2.75000E-03,+4.26732665E+00,+2.41351758E+00
-2.72500E-03,+4.37024122E+00,+2.38778894E+00
-2.70000E-03,+4.37024122E+00,+2.42959798E+00
-2.67500E-03,+4.36509550E+00,+2.42959798E+00
-2.65000E-03,+4.28276384E+00,+2.42959798E+00
-2.62500E-03,+4.44742715E+00,+2.42959798E+00
-2.60000E-03,+4.38567841E+00,+2.50035175E+00
-2.57500E-03,+4.37024122E+00,+2.50999999E+00
-2.55000E-03,+4.42684424E+00,+2.50999999E+00
-2.52500E-03,+4.40626132E+00,+2.50999999E+00
-2.50000E-03,+4.49888444E+00,+2.50999999E+00
-2.47500E-03,+4.40626132E+00,+2.53251255E+00
-2.45000E-03,+4.49888444E+00,+2.54537687E+00
-2.42500E-03,+4.49888444E+00,+2.50999999E+00
-2.40000E-03,+4.49888444E+00,+2.50999999E+00
-2.37500E-03,+4.49888444E+00,+2.50999999E+00
-2.35000E-03,+4.49888444E+00,+2.50999999E+00
-2.32500E-03,+4.37538695E+00,+2.50999999E+00
-2.30000E-03,+4.49888444E+00,+2.59040200E+00
-2.27500E-03,+4.49888444E+00,+2.54859295E+00
-2.25000E-03,+4.39596987E+00,+2.50999999E+00
-2.22500E-03,+4.49888444E+00,+2.50999999E+00
-2.20000E-03,+4.49888444E+00,+2.50999999E+00
-2.17500E-03,+4.49888444E+00,+2.50999999E+00
-2.15000E-03,+4.49888444E+00,+2.50999999E+00
-2.12500E-03,+4.39596987E+00,+2.50999999E+00
-2.10000E-03,+4.43713570E+00,+2.50999999E+00
-2.07500E-03,+4.37024122E+00,+2.44889446E+00
-2.05000E-03,+4.49888444E+00,+2.43281406E+00
-2.02500E-03,+4.45771861E+00,+2.48427135E+00
-2.00000E-03,+4.37024122E+00,+2.42959798E+00
-1.97500E-03,+4.37024122E+00,+2.42959798E+00
-1.95000E-03,+4.37024122E+00,+2.42959798E+00
-1.92500E-03,+4.37024122E+00,+2.39422110E+00
-1.90000E-03,+4.27761811E+00,+2.34919597E+00
-1.87500E-03,+4.24159801E+00,+2.42959798E+00
-1.85000E-03,+4.24159801E+00,+2.34919597E+00
-1.82500E-03,+4.24159801E+00,+2.30417085E+00
-1.80000E-03,+4.24159801E+00,+2.33633165E+00
-1.77500E-03,+4.24159801E+00,+2.26879396E+00
-1.75000E-03,+4.19014072E+00,+2.26879396E+00
-1.72500E-03,+4.11295480E+00,+2.26879396E+00
-1.70000E-03,+4.11295480E+00,+2.19160803E+00
-1.67500E-03,+4.11295480E+00,+2.18839195E+00
-1.65000E-03,+4.11295480E+00,+2.14658291E+00
-1.62500E-03,+4.01004022E+00,+2.10798994E+00
-1.60000E-03,+3.98431158E+00,+2.10155778E+00
-1.57500E-03,+3.98431158E+00,+2.02758794E+00
-1.55000E-03,+3.98431158E+00,+2.02758794E+00
-1.52500E-03,+3.86595982E+00,+1.95361809E+00
-1.50000E-03,+3.85566837E+00,+1.94718593E+00
-1.47500E-03,+3.85566837E+00,+1.94718593E+00
-1.45000E-03,+3.75789952E+00,+1.88608040E+00
-1.42500E-03,+3.72702515E+00,+1.86356784E+00
-1.40000E-03,+3.72702515E+00,+1.78638191E+00
-1.37500E-03,+3.72702515E+00,+1.78638191E+00
-1.35000E-03,+3.61381912E+00,+1.71562814E+00
-1.32500E-03,+3.59838194E+00,+1.69311558E+00
-1.30000E-03,+3.54177892E+00,+1.62557789E+00
-1.27500E-03,+3.46973872E+00,+1.62557789E+00
-1.25000E-03,+3.46973872E+00,+1.54517588E+00
-1.22500E-03,+3.46973872E+00,+1.52266332E+00
-1.20000E-03,+3.39769852E+00,+1.46477387E+00
-1.17500E-03,+3.34109551E+00,+1.46477387E+00
-1.15000E-03,+3.32565832E+00,+1.38437186E+00
-1.12500E-03,+3.21245229E+00,+1.38437186E+00
-1.10000E-03,+3.21245229E+00,+1.32969850E+00
-1.07500E-03,+3.21245229E+00,+1.30396985E+00
-1.05000E-03,+3.08380908E+00,+1.20427136E+00
-1.02500E-03,+3.08380908E+00,+1.14316583E+00
-1.00000E-03,+2.98089451E+00,+1.07884423E+00
-975.00E-06,+2.95516586E+00,+1.06276383E+00
-950.00E-06,+2.90885431E+00,+1.03381910E+00
-925.00E-06,+2.82652265E+00,+982.36182E-03
-900.00E-06,+2.82652265E+00,+908.39197E-03
-875.00E-06,+2.69787943E+00,+885.87940E-03
-850.00E-06,+2.69787943E+00,+821.55780E-03
-825.00E-06,+2.60011059E+00,+760.45227E-03
-800.00E-06,+2.56409049E+00,+657.53770E-03
-775.00E-06,+2.44059300E+00,+580.35177E-03
-750.00E-06,+2.44059300E+00,+580.35177E-03
-725.00E-06,+2.32738698E+00,+509.59800E-03
-700.00E-06,+2.31194979E+00,+487.08544E-03
-675.00E-06,+2.25534678E+00,+419.54775E-03
-650.00E-06,+2.18330657E+00,+361.65830E-03
-625.00E-06,+2.05466336E+00,+258.74373E-03
-600.00E-06,+2.14728647E+00,+178.34172E-03
-575.00E-06,+2.05466336E+00,+178.34172E-03
-550.00E-06,+1.94660306E+00,+110.80404E-03
-525.00E-06,+1.92602015E+00,+88.29147E-03
-500.00E-06,+1.87456286E+00,+17.53771E-03
-475.00E-06,+1.79737693E+00,-37.13566E-03
-450.00E-06,+1.67387944E+00,-140.05023E-03
-425.00E-06,+1.63785934E+00,-82.16079E-03
-400.00E-06,+1.54009050E+00,-143.26631E-03
-375.00E-06,+1.54009050E+00,-143.26631E-03
-350.00E-06,+1.41144729E+00,-143.26631E-03
-325.00E-06,+1.36513573E+00,-143.26631E-03
-300.00E-06,+1.20047241E+00,-143.26631E-03
-275.00E-06,+1.15416086E+00,-143.26631E-03
-250.00E-06,+1.12843221E+00,-143.26631E-03
-225.00E-06,+1.02551764E+00,-143.26631E-03
-200.00E-06,+1.02551764E+00,-143.26631E-03
-175.00E-06,+896.87443E-03,-143.26631E-03
-150.00E-06,+855.70860E-03,-143.26631E-03
-125.00E-06,+768.23121E-03,-143.26631E-03
-100.00E-06,+655.02518E-03,-143.26631E-03
-75.00E-06,+619.00508E-03,-210.80400E-03
-50.00E-06,+510.94478E-03,-143.26631E-03
-25.00E-06,+418.32167E-03,-143.26631E-03
+0.0E+00,+382.30157E-03,-143.26631E-03
+25.00E-06,+289.67845E-03,-201.15576E-03
+50.00E-06,+310.26137E-03,-143.26631E-03
+75.00E-06,+145.59805E-03,-143.26631E-03
+100.00E-06,+109.57795E-03,-143.26631E-03
+125.00E-06,-55.08536E-03,-143.26631E-03
+150.00E-06,-132.27129E-03,-143.26631E-03
+175.00E-06,-132.27129E-03,-143.26631E-03
+200.00E-06,-260.91450E-03,-143.26631E-03
+225.00E-06,-260.91450E-03,-143.26631E-03
+250.00E-06,-363.82908E-03,-143.26631E-03
+275.00E-06,-518.20093E-03,-69.29646E-03
+300.00E-06,-564.51249E-03,-143.26631E-03
+325.00E-06,-646.84415E-03,-194.72360E-03
+350.00E-06,-765.19591E-03,-149.69847E-03
+375.00E-06,-801.21601E-03,-207.58792E-03
+400.00E-06,-904.13058E-03,-181.85928E-03
+425.00E-06,-1.00189942E+00,-162.56279E-03
+450.00E-06,-1.03277379E+00,-143.26631E-03
+475.00E-06,-1.07393962E+00,-143.26631E-03
+500.00E-06,-1.16141701E+00,-143.26631E-03
+525.00E-06,-1.27462304E+00,-143.26631E-03
+550.00E-06,-1.41870344E+00,-156.13063E-03
+575.00E-06,-1.41870344E+00,-188.29144E-03
+600.00E-06,-1.51132655E+00,-143.26631E-03
+625.00E-06,-1.54734665E+00,-143.26631E-03
+650.00E-06,-1.67598987E+00,-143.26631E-03
+675.00E-06,-1.67598987E+00,-143.26631E-03
+700.00E-06,-1.78405017E+00,-75.72863E-03
+725.00E-06,-1.82007027E+00,-152.91455E-03
+750.00E-06,-1.93327630E+00,-223.66832E-03
+775.00E-06,-2.02075368E+00,-168.99496E-03
+800.00E-06,-2.06191951E+00,-143.26631E-03
+825.00E-06,-2.06191951E+00,-143.26631E-03
+850.00E-06,-1.99502504E+00,-143.26631E-03
+875.00E-06,-2.03619087E+00,-143.26631E-03
+900.00E-06,-2.06191951E+00,-217.23616E-03
+925.00E-06,-2.06191951E+00,-143.26631E-03
+950.00E-06,-2.06191951E+00,-143.26631E-03
+975.00E-06,-2.18027127E+00,-143.26631E-03
+1.00000E-03,-2.06191951E+00,-207.58792E-03
+1.02500E-03,-2.06191951E+00,-143.26631E-03
+1.05000E-03,-2.06191951E+00,-143.26631E-03
+1.07500E-03,-2.06191951E+00,-66.08038E-03
+1.10000E-03,-2.06191951E+00,-143.26631E-03
+1.12500E-03,-2.06191951E+00,-143.26631E-03
+1.15000E-03,-2.06191951E+00,-143.26631E-03
+1.17500E-03,-2.06191951E+00,-143.26631E-03
+1.20000E-03,-2.11852252E+00,-143.26631E-03
+1.22500E-03,-2.09793961E+00,-143.26631E-03
+1.25000E-03,-2.06191951E+00,-143.26631E-03
+1.27500E-03,-2.09793961E+00,-143.26631E-03
+1.30000E-03,-2.19056273E+00,-143.26631E-03
+1.32500E-03,-2.08250242E+00,-143.26631E-03
+1.35000E-03,-2.07735670E+00,-143.26631E-03
+1.37500E-03,-2.19056273E+00,-143.26631E-03
+1.40000E-03,-2.10308534E+00,-143.26631E-03
+1.42500E-03,-2.06191951E+00,-143.26631E-03
+1.45000E-03,-2.09279388E+00,-162.56279E-03
+1.47500E-03,-2.19056273E+00,-223.66832E-03
+1.50000E-03,-2.08764815E+00,-159.34671E-03
+1.52500E-03,-2.19056273E+00,-143.26631E-03
+1.55000E-03,-2.19056273E+00,-143.26631E-03
+1.57500E-03,-2.19056273E+00,-143.26631E-03
+1.60000E-03,-2.19056273E+00,-143.26631E-03
+1.62500E-03,-2.19056273E+00,-143.26631E-03
+1.65000E-03,-2.12881398E+00,-143.26631E-03
+1.67500E-03,-2.15968835E+00,-143.26631E-03
+1.70000E-03,-2.19056273E+00,-143.26631E-03
+1.72500E-03,-2.19056273E+00,-143.26631E-03
+1.75000E-03,-2.19056273E+00,-191.50752E-03
+1.77500E-03,-2.07735670E+00,-152.91455E-03
+1.80000E-03,-2.16997981E+00,-143.26631E-03
+1.82500E-03,-2.11852252E+00,-143.26631E-03
+1.85000E-03,-2.19056273E+00,-143.26631E-03
+1.87500E-03,-2.19056273E+00,-143.26631E-03
+1.90000E-03,-2.15454262E+00,-120.75375E-03
+1.92500E-03,-2.13395971E+00,-107.88943E-03
+1.95000E-03,-2.19056273E+00,-143.26631E-03
+1.97500E-03,-2.07735670E+00,-143.26631E-03
+2.00000E-03,-2.19056273E+00,-175.42712E-03
+2.02500E-03,-2.19056273E+00,-168.99496E-03
+2.05000E-03,-2.06706524E+00,-143.26631E-03
+2.07500E-03,-2.19056273E+00,-143.26631E-03
+2.10000E-03,-2.19056273E+00,-143.26631E-03
+2.12500E-03,-2.19056273E+00,-143.26631E-03
+2.15000E-03,-2.07221097E+00,-143.26631E-03
+2.17500E-03,-2.19056273E+00,-143.26631E-03
+2.20000E-03,-2.19056273E+00,-194.72360E-03
+2.22500E-03,-2.19056273E+00,-149.69847E-03
+2.25000E-03,-2.19056273E+00,-143.26631E-03
+2.27500E-03,-2.19056273E+00,-181.85928E-03
+2.30000E-03,-2.19056273E+00,-162.56279E-03
+2.32500E-03,-2.19056273E+00,-143.26631E-03
+2.35000E-03,-2.19056273E+00,-143.26631E-03
+2.37500E-03,-2.19056273E+00,-143.26631E-03
+2.40000E-03,-2.19056273E+00,-143.26631E-03
+2.42500E-03,-2.19056273E+00,-156.13063E-03
+2.45000E-03,-2.19056273E+00,-223.66832E-03
+2.47500E-03,-2.19056273E+00,-165.77888E-03
+2.50000E-03,-2.19056273E+00,-143.26631E-03
+2.52500E-03,-2.19056273E+00,-143.26631E-03
+2.55000E-03,-2.19056273E+00,-143.26631E-03
+2.57500E-03,-2.19056273E+00,-143.26631E-03
+2.60000E-03,-2.19056273E+00,-143.26631E-03
+2.62500E-03,-2.19056273E+00,-175.42712E-03
+2.65000E-03,-2.19056273E+00,-168.99496E-03
+2.67500E-03,-2.19056273E+00,-220.45224E-03
+2.70000E-03,-2.19056273E+00,-143.26631E-03
+2.72500E-03,-2.19056273E+00,-143.26631E-03
+2.75000E-03,-2.19056273E+00,-143.26631E-03
+2.77500E-03,-2.18027127E+00,-143.26631E-03
+2.80000E-03,-2.06191951E+00,-143.26631E-03
+2.82500E-03,-2.14425117E+00,-194.72360E-03
+2.85000E-03,-2.19056273E+00,-223.66832E-03
+2.87500E-03,-2.19056273E+00,-143.26631E-03
+2.90000E-03,-2.19056273E+00,-181.85928E-03
+2.92500E-03,-2.19056273E+00,-162.56279E-03
+2.95000E-03,-2.06706524E+00,-66.08038E-03
+2.97500E-03,-2.19056273E+00,-143.26631E-03
+3.00000E-03,-2.11337680E+00,-191.50752E-03
+3.02500E-03,-2.17512554E+00,-152.91455E-03
+3.05000E-03,-2.19056273E+00,-156.13063E-03
+3.07500E-03,-2.19056273E+00,-188.29144E-03
+3.10000E-03,-2.19056273E+00,-201.15576E-03
+3.12500E-03,-2.19056273E+00,-143.26631E-03
+3.15000E-03,-2.19056273E+00,-201.15576E-03
+3.17500E-03,-2.19056273E+00,-143.26631E-03
+3.20000E-03,-2.19056273E+00,-143.26631E-03
+3.22500E-03,-2.19056273E+00,-143.26631E-03
+3.25000E-03,-2.19056273E+00,-143.26631E-03
+3.27500E-03,-2.19056273E+00,-143.26631E-03
+3.30000E-03,-2.19056273E+00,-143.26631E-03
+3.32500E-03,-2.19056273E+00,-162.56279E-03
+3.35000E-03,-2.19056273E+00,-181.85928E-03
+3.37500E-03,-2.19056273E+00,-143.26631E-03
+3.40000E-03,-2.19056273E+00,-143.26631E-03
+3.42500E-03,-2.19056273E+00,-143.26631E-03
+3.45000E-03,-2.19056273E+00,-143.26631E-03
+3.47500E-03,-2.19056273E+00,-143.26631E-03
+3.50000E-03,-2.16483408E+00,-143.26631E-03
+3.52500E-03,-2.12366825E+00,-143.26631E-03
+3.55000E-03,-2.19056273E+00,-143.26631E-03
+3.57500E-03,-2.19056273E+00,-143.26631E-03
+3.60000E-03,-2.14939690E+00,-143.26631E-03
+3.62500E-03,-2.13910544E+00,-191.50752E-03
+3.65000E-03,-2.19056273E+00,-223.66832E-03
+3.67500E-03,-2.08250242E+00,-143.26631E-03
+3.70000E-03,-2.19056273E+00,-143.26631E-03
+3.72500E-03,-2.09793961E+00,-143.26631E-03
+3.75000E-03,-2.19056273E+00,-223.66832E-03
+3.77500E-03,-2.09793961E+00,-143.26631E-03
+3.80000E-03,-2.19056273E+00,-188.29144E-03
+3.82500E-03,-2.08250242E+00,-223.66832E-03
+3.85000E-03,-2.06191951E+00,-143.26631E-03
+3.87500E-03,-2.11337680E+00,-175.42712E-03
+3.90000E-03,-2.10308534E+00,-223.66832E-03
+3.92500E-03,-2.18541700E+00,-223.66832E-03
+3.95000E-03,-2.19056273E+00,-143.26631E-03
+3.97500E-03,-2.19056273E+00,-185.07536E-03
+4.00000E-03,-2.08764815E+00,-159.34671E-03
+4.02500E-03,-2.18027127E+00,-143.26631E-03
+4.05000E-03,-2.10823107E+00,-172.21104E-03
+4.07500E-03,-2.10823107E+00,-172.21104E-03
+4.10000E-03,-2.06191951E+00,-143.26631E-03
+4.12500E-03,-2.08764815E+00,-143.26631E-03
+4.15000E-03,-2.12881398E+00,-143.26631E-03
+4.17500E-03,-2.06191951E+00,-143.26631E-03
+4.20000E-03,-2.18541700E+00,-146.48239E-03
+4.22500E-03,-2.06191951E+00,-197.93968E-03
+4.25000E-03,-2.06191951E+00,-143.26631E-03
+4.27500E-03,-2.17512554E+00,-143.26631E-03
+4.30000E-03,-2.06191951E+00,-143.26631E-03
+4.32500E-03,-2.06191951E+00,-143.26631E-03
+4.35000E-03,-2.06191951E+00,-201.15576E-03
+4.37500E-03,-2.06191951E+00,-143.26631E-03
+4.40000E-03,-2.06191951E+00,-85.37687E-03
+4.42500E-03,-2.06191951E+00,-143.26631E-03
+4.45000E-03,-2.06191951E+00,-143.26631E-03
+4.47500E-03,-2.06191951E+00,-143.26631E-03
+4.50000E-03,-2.06191951E+00,-143.26631E-03
+4.52500E-03,-2.06191951E+00,-143.26631E-03
+4.55000E-03,-1.93842202E+00,-220.45224E-03
+4.57500E-03,-1.90240192E+00,-143.26631E-03
+4.60000E-03,-1.80463308E+00,-143.26631E-03
+4.62500E-03,-1.80463308E+00,-143.26631E-03
+4.65000E-03,-1.80463308E+00,-217.23616E-03
+4.67500E-03,-1.71200997E+00,-143.26631E-03
+4.70000E-03,-1.54734665E+00,-194.72360E-03
+4.72500E-03,-1.54734665E+00,-149.69847E-03
+4.75000E-03,-1.52161801E+00,-159.34671E-03
+4.77500E-03,-1.41870344E+00,-185.07536E-03
+4.80000E-03,-1.32093459E+00,-143.26631E-03
+4.82500E-03,-1.28491449E+00,-220.45224E-03
+4.85000E-03,-1.16141701E+00,-143.26631E-03
+4.87500E-03,-1.08423108E+00,-143.26631E-03
+4.90000E-03,-1.03277379E+00,-143.26631E-03
+4.92500E-03,-1.01219088E+00,-143.26631E-03
+4.95000E-03,-847.52756E-03,-143.26631E-03
+4.97500E-03,-775.48736E-03,-143.26631E-03
+5.00000E-03,-775.48736E-03,-143.26631E-03
+5.02500E-03,-610.82405E-03,-201.15576E-03
+5.05000E-03,-518.20093E-03,-143.26631E-03
+5.07500E-03,-518.20093E-03,-143.26631E-03
+5.10000E-03,-374.12053E-03,-143.26631E-03
+5.12500E-03,-260.91450E-03,-143.26631E-03
+5.15000E-03,-260.91450E-03,-143.26631E-03
+5.17500E-03,-137.41702E-03,-143.26631E-03
+5.20000E-03,-101.39692E-03,-143.26631E-03
+5.22500E-03,+63.26640E-03,-143.26631E-03
+5.25000E-03,+125.01514E-03,-143.26631E-03
+5.27500E-03,+253.65835E-03,-143.26631E-03
+5.30000E-03,+253.65835E-03,-143.26631E-03
+5.32500E-03,+253.65835E-03,-143.26631E-03
+5.35000E-03,+372.01011E-03,-217.23616E-03
+5.37500E-03,+408.03021E-03,-143.26631E-03
+5.40000E-03,+510.94478E-03,-181.85928E-03
+5.42500E-03,+608.71363E-03,-162.56279E-03
+5.45000E-03,+768.23121E-03,-143.26631E-03
+5.47500E-03,+768.23121E-03,-143.26631E-03
+5.50000E-03,+768.23121E-03,-191.50752E-03
+5.52500E-03,+881.43724E-03,-152.91455E-03
+5.55000E-03,+1.02551764E+00,-143.26631E-03
+5.57500E-03,+1.08212066E+00,-143.26631E-03
+5.60000E-03,+1.15416086E+00,-201.15576E-03
+5.62500E-03,+1.28280407E+00,-143.26631E-03
+5.65000E-03,+1.19018096E+00,-201.15576E-03
+5.67500E-03,+1.35484427E+00,-143.26631E-03
+5.70000E-03,+1.41144729E+00,-143.26631E-03
+5.72500E-03,+1.54009050E+00,-143.26631E-03
+5.75000E-03,+1.59154779E+00,-143.26631E-03
+5.77500E-03,+1.66873372E+00,-88.59295E-03
+5.80000E-03,+1.66873372E+00,-140.05023E-03
+5.82500E-03,+1.79737693E+00,+17.53771E-03
+5.85000E-03,+1.86427140E+00,+17.53771E-03
+5.87500E-03,+1.92602015E+00,+81.85931E-03
+5.90000E-03,+1.93631160E+00,+104.37188E-03
+5.92500E-03,+2.05466336E+00,+178.34172E-03
+5.95000E-03,+2.13699502E+00,+229.79901E-03
+5.97500E-03,+2.18330657E+00,+258.74373E-03
+6.00000E-03,+2.20903522E+00,+355.22614E-03
+6.02500E-03,+2.31194979E+00,+458.14072E-03
+6.05000E-03,+2.31194979E+00,+499.94976E-03
+6.07500E-03,+2.44059300E+00,+580.35177E-03
+6.10000E-03,+2.48175883E+00,+606.08041E-03
+6.12500E-03,+2.56923622E+00,+660.75378E-03
+6.15000E-03,+2.56923622E+00,+731.50755E-03
+6.17500E-03,+2.69787943E+00,+754.02011E-03
+6.20000E-03,+2.69787943E+00,+821.55780E-03
+6.22500E-03,+2.79050255E+00,+879.44724E-03
+6.25000E-03,+2.82652265E+00,+901.95981E-03
+6.27500E-03,+2.91914576E+00,+924.47237E-03
+6.30000E-03,+2.89856285E+00,+1.02738694E+00
+6.32500E-03,+2.95516586E+00,+1.06276383E+00
+6.35000E-03,+2.97060305E+00,+1.08206031E+00
+6.37500E-03,+3.13526636E+00,+1.22356784E+00
+6.40000E-03,+3.12497491E+00,+1.27824121E+00
+6.42500E-03,+3.20730656E+00,+1.30396985E+00
+6.45000E-03,+3.11468345E+00,+1.36507538E+00
+6.47500E-03,+3.27934676E+00,+1.34577890E+00
+6.50000E-03,+3.34109551E+00,+1.38437186E+00
+6.52500E-03,+3.34109551E+00,+1.46477387E+00
+6.55000E-03,+3.38740706E+00,+1.49371859E+00
+6.57500E-03,+3.46973872E+00,+1.54517588E+00
+6.60000E-03,+3.46973872E+00,+1.61914573E+00
+6.62500E-03,+3.49546736E+00,+1.56125628E+00
+6.65000E-03,+3.59838194E+00,+1.66417085E+00
+6.67500E-03,+3.59838194E+00,+1.70597990E+00
+6.70000E-03,+3.60352767E+00,+1.70919598E+00
+6.72500E-03,+3.72702515E+00,+1.81211055E+00
+6.75000E-03,+3.72702515E+00,+1.86678392E+00
+6.77500E-03,+3.72702515E+00,+1.86678392E+00
+6.80000E-03,+3.74760807E+00,+1.94718593E+00
+6.82500E-03,+3.85566837E+00,+1.94718593E+00
+6.85000E-03,+3.85566837E+00,+1.94718593E+00
+6.87500E-03,+3.85566837E+00,+1.94718593E+00
+6.90000E-03,+3.98431158E+00,+2.02758794E+00
+6.92500E-03,+3.98431158E+00,+2.07261306E+00
+6.95000E-03,+3.98431158E+00,+2.04045226E+00
+6.97500E-03,+4.11295480E+00,+2.18839195E+00
+7.00000E-03,+4.11295480E+00,+2.18839195E+00
+7.02500E-03,+4.11295480E+00,+2.24306532E+00
+7.05000E-03,+4.11295480E+00,+2.26879396E+00
+7.07500E-03,+4.11295480E+00,+2.26879396E+00
+7.10000E-03,+4.17984927E+00,+2.26879396E+00
+7.12500E-03,+4.24159801E+00,+2.26879396E+00
+7.15000E-03,+4.24159801E+00,+2.34919597E+00
+7.17500E-03,+4.24159801E+00,+2.34919597E+00
+7.20000E-03,+4.24159801E+00,+2.34919597E+00
+7.22500E-03,+4.24159801E+00,+2.34919597E+00
+7.25000E-03,+4.37024122E+00,+2.42959798E+00
+7.27500E-03,+4.37024122E+00,+2.39100502E+00
+7.30000E-03,+4.37024122E+00,+2.41030150E+00
+7.32500E-03,+4.37024122E+00,+2.43281406E+00
+7.35000E-03,+4.37024122E+00,+2.50999999E+00
+7.37500E-03,+4.37024122E+00,+2.50999999E+00
+7.40000E-03,+4.48344725E+00,+2.50999999E+00
+7.42500E-03,+4.37024122E+00,+2.42959798E+00
+7.45000E-03,+4.42684424E+00,+2.46497487E+00
+7.47500E-03,+4.40626132E+00,+2.45211054E+00
+7.50000E-03,+4.37024122E+00,+2.59040200E+00
+7.52500E-03,+4.40626132E+00,+2.50999999E+00
+7.55000E-03,+4.49888444E+00,+2.55502512E+00
+7.57500E-03,+4.49888444E+00,+2.52286431E+00
+7.60000E-03,+4.38567841E+00,+2.50999999E+00
+7.62500E-03,+4.49888444E+00,+2.50999999E+00
+7.65000E-03,+4.49888444E+00,+2.50999999E+00
+7.67500E-03,+4.49888444E+00,+2.50999999E+00
+7.70000E-03,+4.49888444E+00,+2.50999999E+00
+7.72500E-03,+4.49888444E+00,+2.55180904E+00
+7.75000E-03,+4.49888444E+00,+2.52608039E+00
+7.77500E-03,+4.49888444E+00,+2.50999999E+00
+7.80000E-03,+4.49888444E+00,+2.50999999E+00
+7.82500E-03,+4.41655278E+00,+2.50999999E+00
+7.85000E-03,+4.48859298E+00,+2.50999999E+00
+7.87500E-03,+4.47315580E+00,+2.44567838E+00
+7.90000E-03,+4.37024122E+00,+2.50999999E+00
+7.92500E-03,+4.37024122E+00,+2.50999999E+00
+7.95000E-03,+4.37024122E+00,+2.42959798E+00
+7.97500E-03,+4.37024122E+00,+2.42959798E+00
+8.00000E-03,+4.37024122E+00,+2.42959798E+00
+8.02500E-03,+4.37024122E+00,+2.42959798E+00
+8.05000E-03,+4.37024122E+00,+2.42959798E+00
+8.07500E-03,+4.31363821E+00,+2.39422110E+00
+8.10000E-03,+4.24159801E+00,+2.34919597E+00
+8.12500E-03,+4.24159801E+00,+2.34919597E+00
+8.15000E-03,+4.24159801E+00,+2.34919597E+00
+8.17500E-03,+4.24159801E+00,+2.30417085E+00
+8.20000E-03,+4.24159801E+00,+2.33633165E+00
+8.22500E-03,+4.22616082E+00,+2.26879396E+00
+8.25000E-03,+4.16441208E+00,+2.26879396E+00
+8.27500E-03,+4.15412062E+00,+2.21412060E+00
+8.30000E-03,+4.11295480E+00,+2.18839195E+00
+8.32500E-03,+4.11295480E+00,+2.18839195E+00
+8.35000E-03,+4.11295480E+00,+2.18839195E+00
+8.37500E-03,+4.01004022E+00,+2.12407035E+00
+8.40000E-03,+3.98431158E+00,+2.10155778E+00
+8.42500E-03,+3.98431158E+00,+2.02758794E+00
+8.45000E-03,+3.98431158E+00,+2.02758794E+00
+8.47500E-03,+3.86595982E+00,+1.95361809E+00
+8.50000E-03,+3.85566837E+00,+2.01150753E+00
+8.52500E-03,+3.85566837E+00,+1.94718593E+00
+8.55000E-03,+3.75789952E+00,+1.94718593E+00
+8.57500E-03,+3.72702515E+00,+1.86678392E+00
+8.60000E-03,+3.72702515E+00,+1.84105527E+00
+8.62500E-03,+3.72702515E+00,+1.78638191E+00
+8.65000E-03,+3.72702515E+00,+1.78638191E+00
+8.67500E-03,+3.59838194E+00,+1.69311558E+00
+8.70000E-03,+3.59838194E+00,+1.62557789E+00
+8.72500E-03,+3.50575882E+00,+1.62557789E+00
+8.75000E-03,+3.46973872E+00,+1.62557789E+00
+8.77500E-03,+3.46973872E+00,+1.52266332E+00
+8.80000E-03,+3.39769852E+00,+1.46477387E+00
+8.82500E-03,+3.34109551E+00,+1.46477387E+00
+8.85000E-03,+3.34109551E+00,+1.45512563E+00
+8.87500E-03,+3.28963822E+00,+1.35221106E+00
+8.90000E-03,+3.21245229E+00,+1.30396985E+00
+8.92500E-03,+3.21245229E+00,+1.22678392E+00
+8.95000E-03,+3.08380908E+00,+1.20427136E+00
+8.97500E-03,+3.01691461E+00,+1.14316583E+00
+9.00000E-03,+2.95516586E+00,+1.07884423E+00
+9.02500E-03,+2.95516586E+00,+1.05633166E+00
+9.05000E-03,+2.90885431E+00,+982.36182E-03
+9.07500E-03,+2.82652265E+00,+982.36182E-03
+9.10000E-03,+2.70817089E+00,+908.39197E-03
+9.12500E-03,+2.69787943E+00,+821.55780E-03
+9.15000E-03,+2.63613069E+00,+821.55780E-03
+9.17500E-03,+2.66700506E+00,+760.45227E-03
+9.20000E-03,+2.56923622E+00,+660.75378E-03
+9.22500E-03,+2.56923622E+00,+635.02514E-03
+9.25000E-03,+2.49205029E+00,+580.35177E-03
+9.27500E-03,+2.32738698E+00,+509.59800E-03
+9.30000E-03,+2.31194979E+00,+487.08544E-03
+9.32500E-03,+2.31194979E+00,+419.54775E-03
+9.35000E-03,+2.21932667E+00,+361.65830E-03
+9.37500E-03,+2.05466336E+00,+339.14574E-03
+9.40000E-03,+2.14728647E+00,+236.23117E-03
+9.42500E-03,+1.98262316E+00,+178.34172E-03
+9.45000E-03,+1.92602015E+00,+110.80404E-03
+9.47500E-03,+1.91058296E+00,+88.29147E-03
+9.50000E-03,+1.79737693E+00,+17.53771E-03
+9.52500E-03,+1.79737693E+00,-37.13566E-03
+9.55000E-03,+1.67387944E+00,-62.86430E-03
+9.57500E-03,+1.66873372E+00,-143.26631E-03
+9.60000E-03,+1.53494477E+00,-101.45727E-03
+9.62500E-03,+1.41144729E+00,-127.18591E-03
+9.65000E-03,+1.41144729E+00,-143.26631E-03
+9.67500E-03,+1.36513573E+00,-143.26631E-03
+9.70000E-03,+1.20047241E+00,-194.72360E-03
+9.72500E-03,+1.15416086E+00,-149.69847E-03
+9.75000E-03,+1.12843221E+00,-207.58792E-03
+9.77500E-03,+1.02551764E+00,-181.85928E-03
+9.80000E-03,+927.74880E-03,-162.56279E-03
+9.82500E-03,+891.72870E-03,-143.26631E-03
+9.85000E-03,+768.23121E-03,-143.26631E-03
+9.87500E-03,+691.04528E-03,-143.26631E-03
+9.90000E-03,+639.58800E-03,-143.26631E-03
+9.92500E-03,+619.00508E-03,-143.26631E-03
+9.95000E-03,+510.94478E-03,-143.26631E-03
+9.97500E-03,+418.32167E-03,-143.26631E-03
+10.00000E-03,+253.65835E-03,-223.66832E-03
+10.02500E-03,+346.28147E-03,-143.26631E-03
+10.05000E-03,+181.61815E-03,-143.26631E-03
+10.07500E-03,+125.01514E-03,-143.26631E-03
+10.10000E-03,-3.62808E-03,-152.91455E-03
+10.12500E-03,-3.62808E-03,-191.50752E-03
+10.15000E-03,-91.10546E-03,-143.26631E-03
+10.17500E-03,-255.76878E-03,-220.45224E-03
+10.20000E-03,-260.91450E-03,-143.26631E-03
+10.22500E-03,-327.80898E-03,-143.26631E-03
+10.25000E-03,-389.55772E-03,-143.26631E-03
+10.27500E-03,-518.20093E-03,-143.26631E-03
+10.30000E-03,-564.51249E-03,-143.26631E-03
+10.32500E-03,-646.84415E-03,-143.26631E-03
+10.35000E-03,-765.19591E-03,-143.26631E-03
+10.37500E-03,-801.21601E-03,-143.26631E-03
+10.40000E-03,-904.13058E-03,-143.26631E-03
+10.42500E-03,-904.13058E-03,-143.26631E-03
+10.45000E-03,-1.03277379E+00,-143.26631E-03
+10.47500E-03,-1.07393962E+00,-143.26631E-03
+10.50000E-03,-1.16141701E+00,-143.26631E-03
+10.52500E-03,-1.27462304E+00,-214.02008E-03
+10.55000E-03,-1.41870344E+00,-143.26631E-03
+10.57500E-03,-1.47530645E+00,-143.26631E-03
+10.60000E-03,-1.54734665E+00,-143.26631E-03
+10.62500E-03,-1.54734665E+00,-143.26631E-03
+10.65000E-03,-1.67598987E+00,-143.26631E-03
+10.67500E-03,-1.67598987E+00,-143.26631E-03
+10.70000E-03,-1.78405017E+00,-143.26631E-03
+10.72500E-03,-1.93327630E+00,-143.26631E-03
+10.75000E-03,-1.93327630E+00,-175.42712E-03
+10.77500E-03,-1.93327630E+00,-223.66832E-03
+10.80000E-03,-1.93327630E+00,-146.48239E-03
+10.82500E-03,-2.06191951E+00,-143.26631E-03
+10.85000E-03,-2.06191951E+00,-143.26631E-03
+10.87500E-03,-2.06191951E+00,-143.26631E-03
+10.90000E-03,-2.06191951E+00,-217.23616E-03
+10.92500E-03,-2.06191951E+00,-143.26631E-03
+10.95000E-03,-2.06191951E+00,-143.26631E-03
+10.97500E-03,-2.06191951E+00,-143.26631E-03
+11.00000E-03,-2.06191951E+00,-127.18591E-03
+11.02500E-03,-2.06191951E+00,-101.45727E-03
+11.05000E-03,-2.06191951E+00,-204.37184E-03
+11.07500E-03,-2.18541700E+00,-143.26631E-03
+11.10000E-03,-2.06191951E+00,-143.26631E-03
+11.12500E-03,-2.06191951E+00,-191.50752E-03
+11.15000E-03,-2.06191951E+00,-152.91455E-03
+11.17500E-03,-2.06191951E+00,-156.13063E-03
+11.20000E-03,-2.06191951E+00,-188.29144E-03
+11.22500E-03,-2.06191951E+00,-143.26631E-03
+11.25000E-03,-2.06191951E+00,-143.26631E-03
+11.27500E-03,-2.09793961E+00,-143.26631E-03
+11.30000E-03,-2.19056273E+00,-143.26631E-03
+11.32500E-03,-2.08250242E+00,-143.26631E-03
+11.35000E-03,-2.07735670E+00,-143.26631E-03
+11.37500E-03,-2.19056273E+00,-143.26631E-03
+11.40000E-03,-2.10308534E+00,-143.26631E-03
+11.42500E-03,-2.06191951E+00,-143.26631E-03
+11.45000E-03,-2.19056273E+00,-143.26631E-03
+11.47500E-03,-2.19056273E+00,-143.26631E-03
+11.50000E-03,-2.08764815E+00,-143.26631E-03
+11.52500E-03,-2.19056273E+00,-143.26631E-03
+11.55000E-03,-2.19056273E+00,-143.26631E-03
+11.57500E-03,-2.10823107E+00,-143.26631E-03
+11.60000E-03,-2.18027127E+00,-217.23616E-03
+11.62500E-03,-2.16483408E+00,-143.26631E-03
+11.65000E-03,-2.06191951E+00,-143.26631E-03
+11.67500E-03,-2.15968835E+00,-143.26631E-03
+11.70000E-03,-2.19056273E+00,-143.26631E-03
+11.72500E-03,-2.19056273E+00,-143.26631E-03
+11.75000E-03,-2.19056273E+00,-143.26631E-03
+11.77500E-03,-2.19056273E+00,-143.26631E-03
+11.80000E-03,-2.19056273E+00,-143.26631E-03
+11.82500E-03,-2.19056273E+00,-143.26631E-03
+11.85000E-03,-2.19056273E+00,-201.15576E-03
+11.87500E-03,-2.19056273E+00,-143.26631E-03
+11.90000E-03,-2.19056273E+00,-201.15576E-03
+11.92500E-03,-2.19056273E+00,-143.26631E-03
+11.95000E-03,-2.19056273E+00,-210.80400E-03
+11.97500E-03,-2.07735670E+00,-143.26631E-03
+12.00000E-03,-2.19056273E+00,-143.26631E-03
+12.02500E-03,-2.19056273E+00,-143.26631E-03
+12.05000E-03,-2.19056273E+00,-220.45224E-03
+12.07500E-03,-2.09279388E+00,-143.26631E-03
+12.10000E-03,-2.19056273E+00,-143.26631E-03
+12.12500E-03,-2.19056273E+00,-143.26631E-03
+12.15000E-03,-2.07221097E+00,-143.26631E-03
+12.17500E-03,-2.19056273E+00,-143.26631E-03
+12.20000E-03,-2.19056273E+00,-143.26631E-03
+12.22500E-03,-2.19056273E+00,-143.26631E-03
+12.25000E-03,-2.08764815E+00,-143.26631E-03
+12.27500E-03,-2.19056273E+00,-143.26631E-03
+12.30000E-03,-2.09279388E+00,-143.26631E-03
+12.32500E-03,-2.06706524E+00,-143.26631E-03
+12.35000E-03,-2.19056273E+00,-143.26631E-03
+12.37500E-03,-2.19056273E+00,-143.26631E-03
+12.40000E-03,-2.19056273E+00,-143.26631E-03
+12.42500E-03,-2.19056273E+00,-143.26631E-03
+12.45000E-03,-2.19056273E+00,-143.26631E-03
+12.47500E-03,-2.19056273E+00,-143.26631E-03
+12.50000E-03,-2.19056273E+00,-143.26631E-03
+12.52500E-03,-2.19056273E+00,-143.26631E-03
+12.55000E-03,-2.19056273E+00,-143.26631E-03
+12.57500E-03,-2.19056273E+00,-143.26631E-03
+12.60000E-03,-2.19056273E+00,-143.26631E-03
+12.62500E-03,-2.19056273E+00,-143.26631E-03
+12.65000E-03,-2.19056273E+00,-143.26631E-03
+12.67500E-03,-2.19056273E+00,-143.26631E-03
+12.70000E-03,-2.19056273E+00,-204.37184E-03
+12.72500E-03,-2.19056273E+00,-143.26631E-03
+12.75000E-03,-2.19056273E+00,-207.58792E-03
+12.77500E-03,-2.19056273E+00,-223.66832E-03
+12.80000E-03,-2.19056273E+00,-194.72360E-03
+12.82500E-03,-2.19056273E+00,-143.26631E-03
+12.85000E-03,-2.19056273E+00,-217.23616E-03
+12.87500E-03,-2.19056273E+00,-159.34671E-03
+12.90000E-03,-2.19056273E+00,-185.07536E-03
+12.92500E-03,-2.19056273E+00,-143.26631E-03
+12.95000E-03,-2.06706524E+00,-143.26631E-03
+12.97500E-03,-2.19056273E+00,-143.26631E-03
+13.00000E-03,-2.19056273E+00,-143.26631E-03
+13.02500E-03,-2.19056273E+00,-143.26631E-03
+13.05000E-03,-2.19056273E+00,-143.26631E-03
+13.07500E-03,-2.19056273E+00,-178.64320E-03
+13.10000E-03,-2.19056273E+00,-165.77888E-03
+13.12500E-03,-2.19056273E+00,-143.26631E-03
+13.15000E-03,-2.19056273E+00,-143.26631E-03
+13.17500E-03,-2.19056273E+00,-143.26631E-03
+13.20000E-03,-2.08250242E+00,-210.80400E-03
+13.22500E-03,-2.19056273E+00,-223.66832E-03
+13.25000E-03,-2.19056273E+00,-191.50752E-03
+13.27500E-03,-2.19056273E+00,-143.26631E-03
+13.30000E-03,-2.19056273E+00,-143.26631E-03
+13.32500E-03,-2.19056273E+00,-162.56279E-03
+13.35000E-03,-2.12366825E+00,-181.85928E-03
+13.37500E-03,-2.16483408E+00,-143.26631E-03
+13.40000E-03,-2.19056273E+00,-149.69847E-03
+13.42500E-03,-2.14425117E+00,-194.72360E-03
+13.45000E-03,-2.14425117E+00,-143.26631E-03
+13.47500E-03,-2.19056273E+00,-143.26631E-03
+13.50000E-03,-2.19056273E+00,-143.26631E-03
+13.52500E-03,-2.19056273E+00,-143.26631E-03
+13.55000E-03,-2.19056273E+00,-143.26631E-03
+13.57500E-03,-2.19056273E+00,-223.66832E-03
+13.60000E-03,-2.14939690E+00,-223.66832E-03
+13.62500E-03,-2.13910544E+00,-175.42712E-03
+13.65000E-03,-2.07735670E+00,-214.02008E-03
+13.67500E-03,-2.08250242E+00,-143.26631E-03
+13.70000E-03,-2.13395971E+00,-143.26631E-03
+13.72500E-03,-2.15454262E+00,-143.26631E-03
+13.75000E-03,-2.06191951E+00,-143.26631E-03
+13.77500E-03,-2.09793961E+00,-165.77888E-03
+13.80000E-03,-2.19056273E+00,-178.64320E-03
+13.82500E-03,-2.08250242E+00,-143.26631E-03
+13.85000E-03,-2.19056273E+00,-152.91455E-03
+13.87500E-03,-2.19056273E+00,-191.50752E-03
+13.90000E-03,-2.10308534E+00,-143.26631E-03
+13.92500E-03,-2.06191951E+00,-143.26631E-03
+13.95000E-03,-2.15968835E+00,-143.26631E-03
+13.97500E-03,-2.06191951E+00,-143.26631E-03
+14.00000E-03,-2.06191951E+00,-143.26631E-03
+14.02500E-03,-2.19056273E+00,-217.23616E-03
+14.05000E-03,-2.19056273E+00,-172.21104E-03
+14.07500E-03,-2.10823107E+00,-172.21104E-03
+14.10000E-03,-2.06191951E+00,-143.26631E-03
+14.12500E-03,-2.06191951E+00,-143.26631E-03
+14.15000E-03,-2.06191951E+00,-143.26631E-03
+14.17500E-03,-2.06191951E+00,-143.26631E-03
+14.20000E-03,-2.06706524E+00,-146.48239E-03
+14.22500E-03,-2.14939690E+00,-197.93968E-03
+14.25000E-03,-2.06191951E+00,-143.26631E-03
+14.27500E-03,-2.06191951E+00,-143.26631E-03
+14.30000E-03,-2.16997981E+00,-143.26631E-03
+14.32500E-03,-2.06191951E+00,-143.26631E-03
+14.35000E-03,-2.06191951E+00,-143.26631E-03
+14.37500E-03,-2.06191951E+00,-223.66832E-03
+14.40000E-03,-2.02589941E+00,-201.15576E-03
+14.42500E-03,-2.00531650E+00,-188.29144E-03
+14.45000E-03,-2.06191951E+00,-156.13063E-03
+14.47500E-03,-2.06191951E+00,-214.02008E-03
+14.50000E-03,-2.06191951E+00,-143.26631E-03
+14.52500E-03,-1.97444212E+00,-143.26631E-03
+14.55000E-03,-1.93327630E+00,-143.26631E-03
+14.57500E-03,-1.93327630E+00,-143.26631E-03
+14.60000E-03,-1.93327630E+00,-143.26631E-03
+14.62500E-03,-1.83036172E+00,-143.26631E-03
+14.65000E-03,-1.80463308E+00,-143.26631E-03
+14.67500E-03,-1.75832152E+00,-143.26631E-03
+14.70000E-03,-1.67598987E+00,-194.72360E-03
+14.72500E-03,-1.55763811E+00,-149.69847E-03
+14.75000E-03,-1.41870344E+00,-143.26631E-03
+14.77500E-03,-1.41870344E+00,-143.26631E-03
+14.80000E-03,-1.32093459E+00,-143.26631E-03
+14.82500E-03,-1.16141701E+00,-143.26631E-03
+14.85000E-03,-1.16141701E+00,-143.26631E-03
+14.87500E-03,-1.08423108E+00,-143.26631E-03
+14.90000E-03,-1.03277379E+00,-143.26631E-03
+14.92500E-03,-904.13058E-03,-143.26631E-03
+14.95000E-03,-847.52756E-03,-143.26631E-03
+14.97500E-03,-775.48736E-03,-143.26631E-03
+15.00000E-03,-775.48736E-03,-143.26631E-03
+15.02500E-03,-610.82405E-03,-201.15576E-03
+15.05000E-03,-518.20093E-03,-143.26631E-03
+15.07500E-03,-410.14063E-03,-143.26631E-03
+15.10000E-03,-374.12053E-03,-143.26631E-03
+15.12500E-03,-260.91450E-03,-143.26631E-03
+15.15000E-03,-260.91450E-03,-143.26631E-03
+15.17500E-03,-137.41702E-03,-143.26631E-03
+15.20000E-03,-3.62808E-03,-204.37184E-03
+15.22500E-03,-3.62808E-03,-143.26631E-03
+15.25000E-03,+99.28650E-03,-143.26631E-03
+15.27500E-03,+135.30660E-03,-143.26631E-03
+15.30000E-03,+253.65835E-03,-143.26631E-03
+15.32500E-03,+253.65835E-03,-194.72360E-03
+15.35000E-03,+372.01011E-03,-149.69847E-03
+15.37500E-03,+408.03021E-03,-143.26631E-03
+15.40000E-03,+510.94478E-03,-143.26631E-03
+15.42500E-03,+608.71363E-03,-143.26631E-03
+15.45000E-03,+768.23121E-03,-143.26631E-03
+15.47500E-03,+768.23121E-03,-168.99496E-03
+15.50000E-03,+845.41714E-03,-175.42712E-03
+15.52500E-03,+896.87443E-03,-143.26631E-03
+15.55000E-03,+1.02551764E+00,-143.26631E-03
+15.57500E-03,+1.02551764E+00,-143.26631E-03
+15.60000E-03,+1.11814076E+00,-143.26631E-03
+15.62500E-03,+1.28280407E+00,-143.26631E-03
+15.65000E-03,+1.28280407E+00,-143.26631E-03
+15.67500E-03,+1.35484427E+00,-143.26631E-03
+15.70000E-03,+1.41144729E+00,-75.72863E-03
+15.72500E-03,+1.54009050E+00,-223.66832E-03
+15.75000E-03,+1.59154779E+00,-159.34671E-03
+15.77500E-03,+1.66873372E+00,-117.53767E-03
+15.80000E-03,+1.66873372E+00,-66.08038E-03
+15.82500E-03,+1.79737693E+00,+17.53771E-03
+15.85000E-03,+1.79737693E+00,+17.53771E-03
+15.87500E-03,+1.90029150E+00,+81.85931E-03
+15.90000E-03,+1.93631160E+00,+104.37188E-03
+15.92500E-03,+2.10097492E+00,+207.28645E-03
+15.95000E-03,+2.18330657E+00,+258.74373E-03
+15.97500E-03,+2.18330657E+00,+332.71358E-03
+16.00000E-03,+2.20903522E+00,+355.22614E-03
+16.02500E-03,+2.31194979E+00,+458.14072E-03
+16.05000E-03,+2.31194979E+00,+438.84423E-03
+16.07500E-03,+2.44059300E+00,+503.16584E-03
+16.10000E-03,+2.48175883E+00,+580.35177E-03
+16.12500E-03,+2.56923622E+00,+628.59298E-03
+16.15000E-03,+2.56923622E+00,+660.75378E-03
+16.17500E-03,+2.58981913E+00,+821.55780E-03
+16.20000E-03,+2.69787943E+00,+821.55780E-03
+16.22500E-03,+2.69787943E+00,+879.44724E-03
+16.25000E-03,+2.82652265E+00,+901.95981E-03
+16.27500E-03,+2.82652265E+00,+924.47237E-03
+16.30000E-03,+2.89856285E+00,+1.02738694E+00
+16.32500E-03,+2.95516586E+00,+1.06276383E+00
+16.35000E-03,+3.08380908E+00,+1.14316583E+00
+16.37500E-03,+3.08380908E+00,+1.17532664E+00
+16.40000E-03,+3.17128646E+00,+1.22356784E+00
+16.42500E-03,+3.21245229E+00,+1.22356784E+00
+16.45000E-03,+3.21245229E+00,+1.30396985E+00
+16.47500E-03,+3.27934676E+00,+1.34577890E+00
+16.50000E-03,+3.34109551E+00,+1.44869347E+00
+16.52500E-03,+3.34109551E+00,+1.47120603E+00
+16.55000E-03,+3.34109551E+00,+1.54517588E+00
+16.57500E-03,+3.42342716E+00,+1.54517588E+00
+16.60000E-03,+3.46973872E+00,+1.61914573E+00
+16.62500E-03,+3.49546736E+00,+1.64165829E+00
+16.65000E-03,+3.59838194E+00,+1.70597990E+00
+16.67500E-03,+3.59838194E+00,+1.70597990E+00
+16.70000E-03,+3.72187942E+00,+1.70919598E+00
+16.72500E-03,+3.63954777E+00,+1.78638191E+00
+16.75000E-03,+3.72702515E+00,+1.83462311E+00
+16.77500E-03,+3.84023118E+00,+1.86678392E+00
+16.80000E-03,+3.85566837E+00,+1.94718593E+00
+16.82500E-03,+3.85566837E+00,+1.94718593E+00
+16.85000E-03,+3.85566837E+00,+1.94718593E+00
+16.87500E-03,+3.85566837E+00,+2.02758794E+00
+16.90000E-03,+3.89168847E+00,+2.02758794E+00
+16.92500E-03,+3.98431158E+00,+2.07261306E+00
+16.95000E-03,+3.98431158E+00,+2.10798994E+00
+16.97500E-03,+3.99974877E+00,+2.11763819E+00
+17.00000E-03,+4.06149751E+00,+2.18839195E+00
+17.02500E-03,+4.07178897E+00,+2.18839195E+00
+17.05000E-03,+4.23645228E+00,+2.18839195E+00
+17.07500E-03,+4.24159801E+00,+2.26879396E+00
+17.10000E-03,+4.24159801E+00,+2.26879396E+00
+17.12500E-03,+4.24159801E+00,+2.26879396E+00
+17.15000E-03,+4.24159801E+00,+2.27522612E+00
+17.17500E-03,+4.24159801E+00,+2.34919597E+00
+17.20000E-03,+4.24159801E+00,+2.34919597E+00
+17.22500E-03,+4.24159801E+00,+2.42316582E+00
+17.25000E-03,+4.34451258E+00,+2.36527637E+00
+17.27500E-03,+4.30334675E+00,+2.39100502E+00
+17.30000E-03,+4.37024122E+00,+2.41030150E+00
+17.32500E-03,+4.37024122E+00,+2.42959798E+00
+17.35000E-03,+4.37024122E+00,+2.42959798E+00
+17.37500E-03,+4.37024122E+00,+2.42959798E+00
+17.40000E-03,+4.37024122E+00,+2.50035175E+00
+17.42500E-03,+4.37024122E+00,+2.50999999E+00
+17.45000E-03,+4.42684424E+00,+2.50999999E+00
+17.47500E-03,+4.49888444E+00,+2.45211054E+00
+17.50000E-03,+4.49888444E+00,+2.50999999E+00
+17.52500E-03,+4.49888444E+00,+2.50999999E+00
+17.55000E-03,+4.49888444E+00,+2.50999999E+00
+17.57500E-03,+4.49888444E+00,+2.57753768E+00
+17.60000E-03,+4.49888444E+00,+2.50999999E+00
+17.62500E-03,+4.49888444E+00,+2.50999999E+00
+17.65000E-03,+4.49888444E+00,+2.50999999E+00
+17.67500E-03,+4.49888444E+00,+2.58718592E+00
+17.70000E-03,+4.49888444E+00,+2.50999999E+00
+17.72500E-03,+4.49888444E+00,+2.55180904E+00
+17.75000E-03,+4.49888444E+00,+2.52608039E+00
+17.77500E-03,+4.48859298E+00,+2.50999999E+00
+17.80000E-03,+4.41655278E+00,+2.50999999E+00
+17.82500E-03,+4.49888444E+00,+2.50999999E+00
+17.85000E-03,+4.38053268E+00,+2.43603014E+00
+17.87500E-03,+4.37024122E+00,+2.50999999E+00
+17.90000E-03,+4.43198997E+00,+2.50999999E+00
+17.92500E-03,+4.40111560E+00,+2.50999999E+00
+17.95000E-03,+4.49373871E+00,+2.50999999E+00
+17.97500E-03,+4.37024122E+00,+2.48427135E+00
+18.00000E-03,+4.37024122E+00,+2.42959798E+00
+18.02500E-03,+4.37024122E+00,+2.42959798E+00
+18.05000E-03,+4.37024122E+00,+2.42959798E+00
+18.07500E-03,+4.37024122E+00,+2.39422110E+00
+18.10000E-03,+4.37024122E+00,+2.34919597E+00
+18.12500E-03,+4.37024122E+00,+2.34919597E+00
+18.15000E-03,+4.24159801E+00,+2.34919597E+00
+18.17500E-03,+4.24159801E+00,+2.30417085E+00
+18.20000E-03,+4.24159801E+00,+2.26879396E+00
+18.22500E-03,+4.22616082E+00,+2.26879396E+00
+18.25000E-03,+4.16441208E+00,+2.26879396E+00
+18.27500E-03,+4.15412062E+00,+2.21412060E+00
+18.30000E-03,+4.11295480E+00,+2.18839195E+00
+18.32500E-03,+4.11295480E+00,+2.18839195E+00
+18.35000E-03,+4.11295480E+00,+2.18839195E+00
+18.37500E-03,+4.01004022E+00,+2.12407035E+00
+18.40000E-03,+3.98431158E+00,+2.10155778E+00
+18.42500E-03,+3.98431158E+00,+2.02758794E+00
+18.45000E-03,+3.90197992E+00,+2.02758794E+00
+18.47500E-03,+3.85566837E+00,+2.02758794E+00
+18.50000E-03,+3.85566837E+00,+1.94718593E+00
+18.52500E-03,+3.79391962E+00,+1.94718593E+00
+18.55000E-03,+3.72702515E+00,+1.88608040E+00
+18.57500E-03,+3.73217088E+00,+1.86356784E+00
+18.60000E-03,+3.81450254E+00,+1.81211055E+00
+18.62500E-03,+3.64983922E+00,+1.77030151E+00
+18.65000E-03,+3.71158797E+00,+1.70597990E+00
+18.67500E-03,+3.59838194E+00,+1.69311558E+00
+18.70000E-03,+3.59838194E+00,+1.62557789E+00
+18.72500E-03,+3.50575882E+00,+1.62557789E+00
+18.75000E-03,+3.46973872E+00,+1.62557789E+00
+18.77500E-03,+3.43371862E+00,+1.46477387E+00
+18.80000E-03,+3.34109551E+00,+1.46477387E+00
+18.82500E-03,+3.34109551E+00,+1.46477387E+00
+18.85000E-03,+3.32565832E+00,+1.38437186E+00
+18.87500E-03,+3.21245229E+00,+1.35221106E+00
+18.90000E-03,+3.21245229E+00,+1.30396985E+00
+18.92500E-03,+3.08895481E+00,+1.30396985E+00
+18.95000E-03,+3.08380908E+00,+1.14316583E+00
+18.97500E-03,+3.08380908E+00,+1.14316583E+00
+19.00000E-03,+3.08380908E+00,+1.14316583E+00
+19.02500E-03,+2.94487441E+00,+1.06276383E+00
+19.05000E-03,+2.82652265E+00,+1.03381910E+00
+19.07500E-03,+2.90885431E+00,+982.36182E-03
+19.10000E-03,+2.83681411E+00,+908.39197E-03
+19.12500E-03,+2.69787943E+00,+885.87940E-03
+19.15000E-03,+2.69787943E+00,+821.55780E-03
+19.17500E-03,+2.60011059E+00,+760.45227E-03
+19.20000E-03,+2.56409049E+00,+660.75378E-03
+19.22500E-03,+2.44059300E+00,+635.02514E-03
+19.25000E-03,+2.44059300E+00,+580.35177E-03
+19.27500E-03,+2.32738698E+00,+509.59800E-03
+19.30000E-03,+2.31194979E+00,+487.08544E-03
+19.32500E-03,+2.31194979E+00,+419.54775E-03
+19.35000E-03,+2.21932667E+00,+361.65830E-03
+19.37500E-03,+2.18330657E+00,+258.74373E-03
+19.40000E-03,+2.05466336E+00,+236.23117E-03
+19.42500E-03,+1.98262316E+00,+178.34172E-03
+19.45000E-03,+1.92602015E+00,+110.80404E-03
+19.47500E-03,+1.92602015E+00,+27.18595E-03
+19.50000E-03,+1.87456286E+00,+33.61811E-03
+19.52500E-03,+1.70989954E+00,-62.86430E-03
+19.55000E-03,+1.66873372E+00,-140.05023E-03
+19.57500E-03,+1.54009050E+00,-82.16079E-03
+19.60000E-03,+1.54009050E+00,-143.26631E-03
+19.62500E-03,+1.54009050E+00,-143.26631E-03
+19.65000E-03,+1.41144729E+00,-143.26631E-03
+19.67500E-03,+1.36513573E+00,-143.26631E-03
+19.70000E-03,+1.28280407E+00,-194.72360E-03
+19.72500E-03,+1.16445231E+00,-149.69847E-03
+19.75000E-03,+1.12843221E+00,-207.58792E-03
+19.77500E-03,+1.02551764E+00,-143.26631E-03
+19.80000E-03,+927.74880E-03,-143.26631E-03
+19.82500E-03,+891.72870E-03,-143.26631E-03
+19.85000E-03,+768.23121E-03,-143.26631E-03
+19.87500E-03,+691.04528E-03,-143.26631E-03
+19.90000E-03,+639.58800E-03,-214.02008E-03
+19.92500E-03,+619.00508E-03,-143.26631E-03
+19.95000E-03,+510.94478E-03,-143.26631E-03
+19.97500E-03,+418.32167E-03,-143.26631E-03
+20.00000E-03,+382.30157E-03,-62.86430E-03
+20.02500E-03,+253.65835E-03,-201.15576E-03
+20.05000E-03,+253.65835E-03,-143.26631E-03
+20.07500E-03,+145.59805E-03,-143.26631E-03
+20.10000E-03,-3.62808E-03,-143.26631E-03
+20.12500E-03,-3.62808E-03,-143.26631E-03
+20.15000E-03,-91.10546E-03,-143.26631E-03
+20.17500E-03,-255.76878E-03,-220.45224E-03
+20.20000E-03,-260.91450E-03,-143.26631E-03
+20.22500E-03,-327.80898E-03,-143.26631E-03
+20.25000E-03,-389.55772E-03,-143.26631E-03
+20.27500E-03,-518.20093E-03,-223.66832E-03
+20.30000E-03,-564.51249E-03,-194.72360E-03
+20.32500E-03,-729.17581E-03,-143.26631E-03
+20.35000E-03,-775.48736E-03,-143.26631E-03
+20.37500E-03,-801.21601E-03,-143.26631E-03
+20.40000E-03,-904.13058E-03,-143.26631E-03
+20.42500E-03,-1.00189942E+00,-143.26631E-03
+20.45000E-03,-1.03277379E+00,-143.26631E-03
+20.47500E-03,-1.07393962E+00,-143.26631E-03
+20.50000E-03,-1.23860294E+00,-143.26631E-03
+20.52500E-03,-1.29006022E+00,-143.26631E-03
+20.55000E-03,-1.31064314E+00,-223.66832E-03
+20.57500E-03,-1.41870344E+00,-223.66832E-03
+20.60000E-03,-1.41870344E+00,-165.77888E-03
+20.62500E-03,-1.54734665E+00,-143.26631E-03
+20.65000E-03,-1.58336675E+00,-165.77888E-03
+20.67500E-03,-1.74803007E+00,-178.64320E-03
+20.70000E-03,-1.80463308E+00,-143.26631E-03
+20.72500E-03,-1.93327630E+00,-152.91455E-03
+20.75000E-03,-1.93327630E+00,-223.66832E-03
+20.77500E-03,-1.93327630E+00,-168.99496E-03
+20.80000E-03,-1.93327630E+00,-143.26631E-03
+20.82500E-03,-1.96415067E+00,-143.26631E-03
+20.85000E-03,-2.06191951E+00,-143.26631E-03
+20.87500E-03,-2.06191951E+00,-143.26631E-03
+20.90000E-03,-2.06191951E+00,-143.26631E-03
+20.92500E-03,-2.06191951E+00,-143.26631E-03
+20.95000E-03,-2.06191951E+00,-143.26631E-03
+20.97500E-03,-2.06191951E+00,-143.26631E-03
+21.00000E-03,-2.06191951E+00,-143.26631E-03
+21.02500E-03,-2.06191951E+00,-143.26631E-03
+21.05000E-03,-2.15968835E+00,-143.26631E-03
+21.07500E-03,-2.06191951E+00,-220.45224E-03
+21.10000E-03,-2.06191951E+00,-143.26631E-03
+21.12500E-03,-2.13910544E+00,-143.26631E-03
+21.15000E-03,-2.07735670E+00,-143.26631E-03
+21.17500E-03,-2.08250242E+00,-210.80400E-03
+21.20000E-03,-2.19056273E+00,-143.26631E-03
+21.22500E-03,-2.19056273E+00,-143.26631E-03
+21.25000E-03,-2.06191951E+00,-223.66832E-03
+21.27500E-03,-2.09793961E+00,-143.26631E-03
+21.30000E-03,-2.11852252E+00,-143.26631E-03
+21.32500E-03,-2.06191951E+00,-210.80400E-03
+21.35000E-03,-2.17512554E+00,-143.26631E-03
+21.37500E-03,-2.11337680E+00,-143.26631E-03
+21.40000E-03,-2.19056273E+00,-143.26631E-03
+21.42500E-03,-2.06706524E+00,-143.26631E-03
+21.45000E-03,-2.19056273E+00,-143.26631E-03
+21.47500E-03,-2.19056273E+00,-143.26631E-03
+21.50000E-03,-2.08764815E+00,-78.94471E-03
+21.52500E-03,-2.07221097E+00,-143.26631E-03
+21.55000E-03,-2.19056273E+00,-143.26631E-03
+21.57500E-03,-2.19056273E+00,-194.72360E-03
+21.60000E-03,-2.19056273E+00,-149.69847E-03
+21.62500E-03,-2.19056273E+00,-143.26631E-03
+21.65000E-03,-2.19056273E+00,-143.26631E-03
+21.67500E-03,-2.09279388E+00,-143.26631E-03
+21.70000E-03,-2.18541700E+00,-143.26631E-03
+21.72500E-03,-2.06191951E+00,-143.26631E-03
+21.75000E-03,-2.13910544E+00,-191.50752E-03
+21.77500E-03,-2.19056273E+00,-152.91455E-03
+21.80000E-03,-2.19056273E+00,-143.26631E-03
+21.82500E-03,-2.19056273E+00,-143.26631E-03
+21.85000E-03,-2.19056273E+00,-201.15576E-03
+21.87500E-03,-2.19056273E+00,-143.26631E-03
+21.90000E-03,-2.19056273E+00,-165.77888E-03
+21.92500E-03,-2.19056273E+00,-178.64320E-03
+21.95000E-03,-2.19056273E+00,-210.80400E-03
+21.97500E-03,-2.07735670E+00,-143.26631E-03
+22.00000E-03,-2.19056273E+00,-143.26631E-03
+22.02500E-03,-2.19056273E+00,-143.26631E-03
+22.05000E-03,-2.19056273E+00,-220.45224E-03
+22.07500E-03,-2.09279388E+00,-143.26631E-03
+22.10000E-03,-2.19056273E+00,-143.26631E-03
+22.12500E-03,-2.19056273E+00,-143.26631E-03
+22.15000E-03,-2.19056273E+00,-149.69847E-03
+22.17500E-03,-2.19056273E+00,-194.72360E-03
+22.20000E-03,-2.19056273E+00,-143.26631E-03
+22.22500E-03,-2.07221097E+00,-143.26631E-03
+22.25000E-03,-2.19056273E+00,-143.26631E-03
+22.27500E-03,-2.19056273E+00,-181.85928E-03
+22.30000E-03,-2.09279388E+00,-162.56279E-03
+22.32500E-03,-2.19056273E+00,-143.26631E-03
+22.35000E-03,-2.19056273E+00,-143.26631E-03
+22.37500E-03,-2.19056273E+00,-143.26631E-03
+22.40000E-03,-2.07735670E+00,-143.26631E-03
+22.42500E-03,-2.19056273E+00,-143.26631E-03
+22.45000E-03,-2.13395971E+00,-143.26631E-03
+22.47500E-03,-2.15454262E+00,-143.26631E-03
+22.50000E-03,-2.19056273E+00,-143.26631E-03
+22.52500E-03,-2.19056273E+00,-143.26631E-03
+22.55000E-03,-2.19056273E+00,-143.26631E-03
+22.57500E-03,-2.19056273E+00,-143.26631E-03
+22.60000E-03,-2.19056273E+00,-143.26631E-03
+22.62500E-03,-2.19056273E+00,-143.26631E-03
+22.65000E-03,-2.19056273E+00,-143.26631E-03
+22.67500E-03,-2.19056273E+00,-66.08038E-03
+22.70000E-03,-2.09279388E+00,-143.26631E-03
+22.72500E-03,-2.19056273E+00,-143.26631E-03
+22.75000E-03,-2.19056273E+00,-207.58792E-03
+22.77500E-03,-2.19056273E+00,-143.26631E-03
+22.80000E-03,-2.19056273E+00,-143.26631E-03
+22.82500E-03,-2.19056273E+00,-143.26631E-03
+22.85000E-03,-2.19056273E+00,-143.26631E-03
+22.87500E-03,-2.19056273E+00,-159.34671E-03
+22.90000E-03,-2.19056273E+00,-223.66832E-03
+22.92500E-03,-2.19056273E+00,-162.56279E-03
+22.95000E-03,-2.19056273E+00,-143.26631E-03
+22.97500E-03,-2.19056273E+00,-143.26631E-03
+23.00000E-03,-2.19056273E+00,-191.50752E-03
+23.02500E-03,-2.07735670E+00,-223.66832E-03
+23.05000E-03,-2.19056273E+00,-143.26631E-03
+23.07500E-03,-2.19056273E+00,-143.26631E-03
+23.10000E-03,-2.19056273E+00,-143.26631E-03
+23.12500E-03,-2.19056273E+00,-143.26631E-03
+23.15000E-03,-2.19056273E+00,-201.15576E-03
+23.17500E-03,-2.11852252E+00,-188.29144E-03
+23.20000E-03,-2.16997981E+00,-223.66832E-03
+23.22500E-03,-2.19056273E+00,-214.02008E-03
+23.25000E-03,-2.19056273E+00,-143.26631E-03
+23.27500E-03,-2.19056273E+00,-143.26631E-03
+23.30000E-03,-2.19056273E+00,-143.26631E-03
+23.32500E-03,-2.19056273E+00,-204.37184E-03
+23.35000E-03,-2.19056273E+00,-143.26631E-03
+23.37500E-03,-2.19056273E+00,-143.26631E-03
+23.40000E-03,-2.06191951E+00,-143.26631E-03
+23.42500E-03,-2.10823107E+00,-172.21104E-03
+23.45000E-03,-2.19056273E+00,-172.21104E-03
+23.47500E-03,-2.19056273E+00,-69.29646E-03
+23.50000E-03,-2.16483408E+00,-143.26631E-03
+23.52500E-03,-2.06191951E+00,-143.26631E-03
+23.55000E-03,-2.15968835E+00,-143.26631E-03
+23.57500E-03,-2.19056273E+00,-143.26631E-03
+23.60000E-03,-2.19056273E+00,-143.26631E-03
+23.62500E-03,-2.19056273E+00,-143.26631E-03
+23.65000E-03,-2.19056273E+00,-143.26631E-03
+23.67500E-03,-2.16997981E+00,-143.26631E-03
+23.70000E-03,-2.11852252E+00,-143.26631E-03
+23.72500E-03,-2.19056273E+00,-143.26631E-03
+23.75000E-03,-2.06191951E+00,-143.26631E-03
+23.77500E-03,-2.19056273E+00,-165.77888E-03
+23.80000E-03,-2.19056273E+00,-178.64320E-03
+23.82500E-03,-2.19056273E+00,-210.80400E-03
+23.85000E-03,-2.06191951E+00,-143.26631E-03
+23.87500E-03,-2.06191951E+00,-143.26631E-03
+23.90000E-03,-2.06191951E+00,-143.26631E-03
+23.92500E-03,-2.06191951E+00,-143.26631E-03
+23.95000E-03,-2.09279388E+00,-143.26631E-03
+23.97500E-03,-2.12366825E+00,-143.26631E-03
+24.00000E-03,-2.06191951E+00,-143.26631E-03
+24.02500E-03,-2.06191951E+00,-149.69847E-03
+24.05000E-03,-2.06191951E+00,-194.72360E-03
+24.07500E-03,-2.06191951E+00,-143.26631E-03
+24.10000E-03,-2.06191951E+00,-143.26631E-03
+24.12500E-03,-2.06191951E+00,-143.26631E-03
+24.15000E-03,-2.12366825E+00,-143.26631E-03
+24.17500E-03,-2.19056273E+00,-204.37184E-03
+24.20000E-03,-2.06191951E+00,-143.26631E-03
+24.22500E-03,-2.06191951E+00,-143.26631E-03
+24.25000E-03,-2.06191951E+00,-143.26631E-03
+24.27500E-03,-2.06191951E+00,-143.26631E-03
+24.30000E-03,-2.16997981E+00,-143.26631E-03
+24.32500E-03,-2.06191951E+00,-143.26631E-03
+24.35000E-03,-2.06191951E+00,-201.15576E-03
+24.37500E-03,-2.06191951E+00,-143.26631E-03
+24.40000E-03,-2.06191951E+00,-201.15576E-03
+24.42500E-03,-2.06191951E+00,-143.26631E-03
+24.45000E-03,-2.06191951E+00,-143.26631E-03
+24.47500E-03,-1.93327630E+00,-143.26631E-03
+24.50000E-03,-1.98473358E+00,-143.26631E-03
+24.52500E-03,-2.06191951E+00,-143.26631E-03
+24.55000E-03,-1.93842202E+00,-143.26631E-03
+24.57500E-03,-1.93327630E+00,-143.26631E-03
+24.60000E-03,-1.93327630E+00,-143.26631E-03
+24.62500E-03,-1.83036172E+00,-207.58792E-03
+24.65000E-03,-1.79434162E+00,-143.26631E-03
+24.67500E-03,-1.67598987E+00,-172.21104E-03
+24.70000E-03,-1.59365821E+00,-172.21104E-03
+24.72500E-03,-1.54734665E+00,-143.26631E-03
+24.75000E-03,-1.41870344E+00,-159.34671E-03
+24.77500E-03,-1.41870344E+00,-185.07536E-03
+24.80000E-03,-1.32093459E+00,-143.26631E-03
+24.82500E-03,-1.16656274E+00,-143.26631E-03
+24.85000E-03,-1.24889439E+00,-143.26631E-03
+24.87500E-03,-1.08423108E+00,-143.26631E-03
+24.90000E-03,-919.56776E-03,-143.26631E-03
+24.92500E-03,-904.13058E-03,-143.26631E-03
+24.95000E-03,-847.52756E-03,-143.26631E-03
+24.97500E-03,-775.48736E-03,-201.15576E-03
